SowID,Treatment,FarrowDate,Onset,Piglet,End,FarrowTime,Induce,DueDate,GestationLength,TNB,SB,SB_perc,Trt1,tr2
3806,1,803,8:10:00 AM,1,17:30:00,9:20:00,0,801,117,12,0,0,7-10,2-5
4011,1,822,6:57:00 AM,1,18:30:00,11:33:00,0,821,116,15,3,0.2,,
4085,1,814,11:00:00 AM,1,16:11:00,5:11:00,0,812,117,16,1,0.0625,,
4341,1,811,10:00:00 AM,1,17:58:00,7:58:00,1,808,118,#N/A,#N/A,#N/A,,
4438,1,803,10:04:00 AM,1,14:32:00,4:28:00,0,802,116,15,0,0,,
4538,1,795,1:39:00 AM,1,22:30:00,20:51:00,0,795,115,20,2,0.1,,
4718,1,803,12:44:00 PM,1,21:23:00,8:39:00,0,801,117,13,0,0,,
5074,1,825,4:10:00 PM,1,22:03:00,5:53:00,0,826,114,18,2,0.111111111,,
5084,1,802,1:45:00 PM,1,18:33:00,4:48:00,0,800,117,#N/A,#N/A,#N/A,,
5084,1,801,1:45:00 PM,1,20:20:00,6:35:00,0,800,116,#N/A,#N/A,#N/A,,
5087,1,801,4:14:00 PM,1,20:22:00,4:08:00,0,801,115,15,1,0.066666667,,
5155,1,814,3:46:00 PM,1,1:59:00,10:13:00,0,812,117,18,5,0.277777778,,
5382,1,804,2:26:00 PM,1,19:01:00,4:35:00,0,802,117,14,2,0.142857143,,
5605,1,823,1:06:00 PM,1,23:10:00,10:04:00,0,821,117,18,2,0.111111111,,
5796,1,809,9:35:00 AM,1,22:09:00,12:34:00,0,807,117,19,2,0.105263158,,
5838,1,796,9:34:00 AM,1,16:50:00,7:16:00,0,795,116,16,1,0.0625,,
5913,1,798,4:20:00 PM,1,20:39:00,4:19:00,0,798,115,13,1,0.076923077,,
5998,1,824,9:22:00 AM,1,12:35:00,3:13:00,0,822,117,12,0,0,,
6152,1,821,9:25:00 PM,1,2:56:00,5:31:00,0,819,117,11,0,0,,
6309,1,813,12:02:00 PM,1,4:09:00,16:07:00,0,812,116,19,1,0.052631579,,
6392,1,816,6:10:00 AM,1,18:15:00,12:05:00,0,815,116,16,3,0.1875,,
6464,1,798,7:04:00 PM,1,2:09:00,7:05:00,0,796,117,19,5,0.263157895,,
6495,1,827,12:00:00 PM,1,19:22:00,7:22:00,0,826,116,20,5,0.25,,
6632,1,820,4:47:00 PM,1,23:53:00,7:06:00,0,819,116,21,1,0.047619048,,
6655,1,796,8:38:00 AM,1,20:34:00,11:56:00,0,795,116,13,3,0.230769231,,
6798,1,814,7:31:00 AM,1,16:12:00,8:41:00,0,812,117,17,5,0.294117647,,
6811,1,802,2:39:00 PM,1,18:06:00,3:27:00,0,801,116,15,1,0.066666667,,
6928,1,814,4:15:00 AM,1,7:38:00,3:23:00,0,815,114,17,3,0.176470588,,
6946,1,815,8:54:00 AM,1,13:48:00,4:54:00,0,812,118,20,3,0.15,,
7149,1,816,9:38:00 PM,1,2:52:00,5:14:00,0,815,116,13,2,0.153846154,,
7217,1,826,5:05:00 PM,1,22:13:00,5:08:00,0,826,115,16,0,0,,
7298,1,823,4:15:00 PM,1,21:16:00,5:01:00,0,822,116,18,4,0.222222222,,
7433,1,811,11:18:00 AM,1,18:46:00,7:28:00,0,811,115,9,0,0,,
7562,1,827,4:30:00 PM,1,19:11:00,2:41:00,0,826,116,10,0,0,,
7643,1,820,7:02:00 PM,1,7:17:00,12:15:00,0,822,113,18,2,0.111111111,,
7722,1,807,11:02:00 AM,1,15:11:00,4:09:00,0,807,115,14,2,0.142857143,,
7725,1,820,11:58:00 PM,1,7:10:00,7:12:00,0,821,114,20,5,0.25,,
7744,1,800,8:07:00 PM,1,14:45:00,18:38:00,0,798,117,18,2,0.111111111,,
7930,1,810,9:43:00 PM,1,1:54:00,4:11:00,0,811,114,15,4,0.266666667,,
7965,1,809,12:24:00 AM,1,14:00:00,13:36:00,0,807,117,19,1,0.052631579,,
7988,1,796,1:03:00 AM,1,23:42:00,22:39:00,0,795,116,17,0,0,,
8091,1,799,12:49:00 PM,1,21:55:00,9:06:00,0,798,116,20,1,0.05,,
8182,1,823,5:34:00 AM,1,14:31:00,8:57:00,0,821,117,22,2,0.090909091,,
8253,1,796,1:34:00 AM,1,5:49:00,4:15:00,0,796,115,18,2,0.111111111,,
8358,1,825,9:41:00 PM,1,13:49:00,16:08:00,0,822,118,17,1,0.058823529,,
8469,1,819,12:18:00 PM,1,20:08:00,7:50:00,0,819,115,13,1,0.076923077,,
8648,1,814,6:31:00 AM,1,9:20:00,2:49:00,0,811,118,15,6,0.4,,
8686,1,811,11:24:00 PM,1,6:03:00,6:39:00,0,811,115,19,3,0.157894737,,
8696,1,801,3:49:00 PM,1,2:30:00,10:41:00,0,798,118,25,9,0.36,,
8704,1,813,11:49:00 AM,1,18:31:00,6:42:00,0,811,117,21,3,0.142857143,,
8742,1,805,6:14:00 PM,1,1:04:00,6:50:00,0,804,116,27,2,0.074074074,,
8762,1,801,8:14:00 PM,1,8:15:00,12:01:00,0,798,118,15,2,0.133333333,,
9088,1,816,2:37:00 PM,1,7:53:00,17:16:00,0,815,116,#N/A,#N/A,#N/A,,
9180,1,814,4:40:00 AM,1,7:17:00,2:37:00,0,812,117,5,1,0.2,,
9198,1,826,3:45:00 PM,1,22:12:00,6:27:00,0,826,115,24,2,0.083333333,,
9229,1,802,4:28:00 PM,1,21:15:00,4:47:00,0,801,116,8,0,0,,
9274,1,807,6:01:00 AM,1,11:48:00,5:47:00,0,805,117,15,2,0.133333333,,
9341,1,821,4:15:00 AM,1,9:12:00,4:57:00,0,819,117,13,1,0.076923077,,
9416,1,817,7:05:00 PM,1,3:33:00,8:28:00,0,814,118,16,0,0,,
9422,1,821,3:22:00 PM,1,23:37:00,8:15:00,0,819,117,18,4,0.222222222,,
9434,1,822,9:12:00 AM,1,14:30:00,5:18:00,0,821,116,18,2,0.111111111,,
9455,1,822,2:32:00 PM,1,20:43:00,6:11:00,0,821,116,16,3,0.1875,,
9477,1,823,1:35:00 PM,1,16:16:00,2:41:00,0,822,116,18,1,0.055555556,,
9616,1,799,3:09:00 PM,1,2:34:00,11:25:00,0,798,116,20,4,0.2,,
9774,1,817,12:34:00 PM,1,22:32:00,9:58:00,0,815,117,20,8,0.4,,
10030,1,803,9:02:00 PM,1,5:05:00,8:03:00,0,801,117,17,1,0.058823529,,
10055,1,802,7:27:00 AM,1,15:34:00,8:07:00,0,801,116,26,3,0.115384615,,
10159,1,813,8:07:00 AM,1,18:30:00,10:23:00,0,811,117,17,2,0.117647059,,
10219,1,801,4:52:00 AM,1,13:10:00,8:18:00,0,801,115,21,4,0.19047619,,
10219,1,801,4:52:00 AM,1,12:51:00,7:59:00,0,801,115,21,4,0.19047619,,
10235,1,815,8:00:00 PM,1,14:37:00,18:37:00,0,815,115,13,5,0.384615385,,
10265,1,799,12:22:00 PM,1,3:13:00,14:51:00,0,798,116,15,2,0.133333333,,
10285,1,806,10:24:00 AM,1,15:13:00,4:49:00,0,804,117,16,0,0,,
10318,1,803,1:38:00 PM,1,5:04:00,15:26:00,0,801,117,15,4,0.266666667,,
10352,1,795,2:31:00 PM,1,22:40:00,8:09:00,0,795,115,19,1,0.052631579,,
10390,1,821,10:31:00 AM,1,13:17:00,2:46:00,0,819,117,17,1,0.058823529,,
10405,1,827,8:28:00 PM,1,1:06:00,4:38:00,0,826,116,18,0,0,,
10425,1,814,11:00:00 AM,1,12:44:00,1:44:00,0,812,117,24,12,0.5,,
10498,1,797,2:41:00 AM,1,11:15:00,8:34:00,1,819,93,#N/A,#N/A,#N/A,,
11354,1,806,5:22:00 AM,1,10:25:00,5:03:00,0,805,116,20,3,0.15,,
11859,1,812,9:10:00 PM,1,7:05:00,9:55:00,0,811,116,17,4,0.235294118,,
12017,1,810,6:11:00 PM,1,22:48:00,4:37:00,0,808,117,15,0,0,,
12358,1,798,2:45:00 PM,1,21:32:00,6:47:00,0,796,117,15,0,0,,
12359,1,796,11:32:00 AM,1,18:57:00,7:25:00,0,795,116,10,0,0,,
12369,1,801,2:56:00 PM,1,22:04:00,7:08:00,0,798,118,15,2,0.133333333,,
12389,1,817,10:40:00 AM,1,16:23:00,5:43:00,0,816,116,15,0,0,,
12391,1,806,11:44:00 AM,1,13:46:00,2:02:00,0,805,116,14,0,0,,
12396,1,804,8:49:00 AM,1,22:51:00,14:02:00,1,801,118,15,1,0.066666667,,
12409,1,811,1:39:00 PM,1,21:57:00,8:18:00,0,810,116,14,2,0.142857143,,
12417,1,823,4:04:00 AM,1,10:19:00,6:15:00,0,822,116,6,0,0,,
12436,1,797,4:56:00 PM,1,0:04:00,7:08:00,0,796,116,16,0,0,,
12436,1,797,4:56:00 PM,1,0:04:00,7:08:00,0,796,116,16,0,0,,
12438,1,821,2:37:00 PM,1,19:34:00,4:57:00,1,818,118,7,1,0.142857143,,
12454,1,813,12:09:00 PM,1,4:10:00,16:01:00,0,812,116,20,1,0.05,,
12517,1,798,6:17:00 AM,1,13:07:00,6:50:00,0,796,117,16,1,0.0625,,
12543,1,805,11:13:00 AM,1,19:49:00,8:36:00,0,805,115,19,0,0,,
12606,1,797,4:51:00 PM,1,1:36:00,8:45:00,0,796,116,18,2,0.111111111,,
12614,1,805,11:47:00 AM,1,16:22:00,4:35:00,0,805,115,16,0,0,,
12631,1,806,2:15:00 PM,1,4:03:00,13:48:00,0,805,116,16,2,0.125,,
12651,1,796,11:11:00 AM,1,16:09:00,4:58:00,0,794,117,15,2,0.133333333,,
12659,1,795,11:46:00 AM,1,21:43:00,9:57:00,0,795,115,16,2,0.125,,
12670,1,809,9:17:00 AM,1,13:57:00,4:40:00,0,808,116,15,0,0,,
12696,1,802,9:31:00 AM,1,19:06:00,9:35:00,0,801,116,21,2,0.095238095,,
12697,1,803,1:02:00 PM,1,18:07:00,5:05:00,0,801,117,16,2,0.125,,
12708,1,796,11:12:00 AM,1,17:12:00,6:00:00,0,796,115,20,3,0.15,,
12708,1,796,11:12:00 AM,1,17:12:00,6:00:00,0,796,115,20,3,0.15,,
12768,1,817,8:16:00 AM,1,16:22:00,8:06:00,0,816,116,18,2,0.111111111,,
12772,1,812,6:05:00 AM,1,11:11:00,5:06:00,0,812,115,14,0,0,,
12805,1,816,1:48:00 PM,1,19:45:00,5:57:00,0,817,114,14,0,0,,
12820,1,819,10:21:00 PM,1,4:15:00,5:54:00,0,816,118,20,2,0.1,,
12833,1,813,11:44:00 AM,1,4:07:00,16:23:00,0,812,116,17,1,0.058823529,,
12835,1,818,2:24:00 AM,1,11:56:00,9:32:00,0,817,116,23,3,0.130434783,,
12864,1,810,4:36:00 PM,1,22:02:00,5:26:00,0,810,115,13,0,0,,
12868,1,812,3:22:00 PM,1,19:31:00,4:09:00,0,812,115,#N/A,#N/A,#N/A,,
12902,1,818,12:57:00 PM,1,21:27:00,8:30:00,0,817,116,17,0,0,,
12910,1,811,1:08:00 AM,1,23:50:00,22:42:00,0,811,115,17,0,0,,
12926,1,824,1:01:00 PM,1,18:09:00,5:08:00,0,822,117,14,1,0.071428571,,
13033,1,826,11:01:00 PM,1,6:43:00,7:42:00,0,826,115,18,2,0.111111111,,
13056,1,825,9:21:00 AM,1,15:40:00,6:19:00,0,825,115,17,5,0.294117647,,
13077,1,827,4:30:00 PM,1,23:50:00,7:20:00,0,825,117,25,5,0.2,,
13710,1,799,11:52:00 AM,1,18:46:00,6:54:00,0,798,116,18,1,0.055555556,,
13718,1,796,9:28:00 PM,1,2:57:00,5:29:00,0,796,115,19,5,0.263157895,,
13740,1,809,6:24:00 PM,1,21:28:00,3:04:00,0,808,116,16,1,0.0625,,
13766,1,805,5:23:00 PM,1,22:25:00,5:02:00,0,801,119,20,4,0.2,,
13806,1,803,8:30:00 AM,1,15:09:00,6:39:00,0,801,117,14,3,0.214285714,,
13835,1,806,6:24:00 AM,1,13:03:00,6:39:00,0,805,116,20,2,0.1,,
13838,1,797,8:00:00 AM,1,15:32:00,7:32:00,0,794,118,17,3,0.176470588,,
13842,1,819,2:17:00 PM,1,19:57:00,5:40:00,0,819,115,19,1,0.052631579,,
13876,1,807,6:33:00 AM,1,11:16:00,4:43:00,0,806,116,21,1,0.047619048,,
13900,1,803,1:55:00 PM,1,22:30:00,8:35:00,0,804,114,17,3,0.176470588,,
13980,1,810,10:05:00 AM,1,17:58:00,7:53:00,0,808,117,18,1,0.055555556,,
13997,1,808,11:00:00 PM,1,4:29:00,5:29:00,0,809,114,16,0,0,,
14011,1,809,9:24:00 PM,1,7:01:00,9:37:00,0,809,115,21,1,0.047619048,,
14042,1,797,1:00:00 AM,1,19:15:00,18:15:00,0,796,116,12,1,0.083333333,,
14062,1,822,8:51:00 PM,1,2:41:00,5:50:00,0,822,115,15,0,0,,
14072,1,823,11:18:00 PM,1,5:10:00,5:52:00,0,824,114,18,0,0,,
14081,1,805,3:35:00 AM,1,7:33:00,3:58:00,0,801,119,17,1,0.058823529,,
14125,1,812,10:15:00 AM,1,15:11:00,4:56:00,0,810,117,15,1,0.066666667,,
14177,1,821,2:20:00 PM,1,17:45:00,3:25:00,0,819,117,15,0,0,,
14178,1,825,12:57:00 PM,1,23:48:00,10:51:00,0,825,115,23,0,0,,
14199,1,807,3:11:00 PM,1,0:30:00,9:19:00,0,808,114,20,4,0.2,,
14204,1,826,12:44:00 PM,1,16:48:00,4:04:00,0,824,117,12,0,0,,
14209,1,809,8:26:00 PM,1,23:48:00,3:22:00,0,810,114,16,0,0,,
14222,1,805,7:45:00 PM,1,2:31:00,6:46:00,0,805,115,19,0,0,,
14227,1,810,12:23:00 AM,1,5:00:00,4:37:00,0,808,117,16,3,0.1875,,
14234,1,819,10:23:00 PM,1,9:55:00,11:32:00,0,817,117,15,0,0,,
14253,1,809,4:51:00 PM,1,21:25:00,4:34:00,0,808,116,14,0,0,,
14258,1,809,1:31:00 AM,1,9:25:00,7:54:00,0,806,118,4,0,0,,
14283,1,805,6:33:00 AM,1,14:53:00,8:20:00,1,801,119,21,1,0.047619048,,
14287,1,820,3:20:00 PM,1,3:09:00,11:49:00,0,818,117,19,3,0.157894737,,
14288,1,796,4:46:00 PM,1,21:22:00,4:36:00,0,794,117,16,0,0,,
14292,1,808,11:28:00 AM,1,17:24:00,5:56:00,0,812,111,14,1,0.071428571,,
14311,1,822,1:39:00 PM,1,19:59:00,6:20:00,0,822,115,17,1,0.058823529,,
15025,1,805,12:40:00 PM,1,17:29:00,4:49:00,0,804,116,12,0,0,,
15030,1,812,9:12:00 AM,1,11:00:00,1:48:00,0,809,118,13,0,0,,
15056,1,823,7:06:00 AM,1,10:17:00,3:11:00,0,824,114,13,1,0.076923077,,
15065,1,825,1:31:00 PM,1,19:33:00,6:02:00,0,824,116,#N/A,#N/A,#N/A,,
15069,1,823,2:30:00 PM,1,19:10:00,4:40:00,0,825,113,15,0,0,,
15074,1,807,10:57:00 AM,1,16:43:00,5:46:00,0,806,116,17,2,0.117647059,,
15100,1,818,5:20:00 PM,1,22:54:00,5:34:00,0,817,116,13,0,0,,
15116,1,823,10:24:00 AM,1,21:13:00,10:49:00,0,819,119,12,2,0.166666667,,
15145,1,809,9:38:00 PM,1,3:01:00,5:23:00,0,810,114,15,1,0.066666667,,
15165,1,810,11:10:00 AM,1,16:47:00,5:37:00,0,810,115,14,3,0.214285714,,
15176,1,820,1:33:00 PM,1,20:41:00,7:08:00,0,819,116,11,1,0.090909091,,
15193,1,810,8:01:00 PM,1,0:43:00,4:42:00,0,809,116,9,0,0,,
15194,1,812,4:53:00 PM,1,20:42:00,3:49:00,0,809,118,11,0,0,,
15195,1,826,2:09:00 PM,1,17:40:00,3:31:00,0,825,116,14,2,0.142857143,,
15196,1,810,3:04:00 PM,1,22:48:00,7:44:00,0,809,116,15,2,0.133333333,,
15213,1,824,5:51:00 AM,1,13:05:00,7:14:00,0,824,115,16,5,0.3125,,
15245,1,819,12:21:00 PM,1,20:55:00,8:34:00,0,818,116,17,2,0.117647059,,
15266,1,822,12:33:00 AM,1,2:44:00,2:11:00,0,818,119,15,3,0.2,,
15267,1,825,4:15:00 PM,1,23:51:00,7:36:00,0,825,115,11,1,0.090909091,,
15279,1,807,7:53:00 AM,1,12:55:00,5:02:00,0,808,114,17,1,0.058823529,,
15289,1,826,4:10:00 AM,1,8:21:00,4:11:00,0,826,115,14,0,0,,
15306,1,809,11:05:00 PM,1,1:50:00,2:45:00,0,810,114,6,0,0,,
15310,1,822,3:26:00 PM,1,20:57:00,5:31:00,0,824,113,14,1,0.071428571,,
4044,1,796,6:02:00 PM,2,22:21:00,4:19:00,0,796,115,19,1,0.052631579,,
4343,1,798,4:00:00 PM,2,21:25:00,5:25:00,0,798,115,15,0,0,,
4734,1,821,1:20:00 PM,2,21:38:00,8:18:00,0,822,114,15,4,0.266666667,,
5142,1,807,1:00:00 PM,2,19:44:00,6:44:00,1,804,118,17,1,0.058823529,,
5589,1,821,11:45:00 AM,2,14:23:00,2:38:00,0,819,117,16,1,0.0625,,
6050,1,817,7:48:00 PM,2,4:00:00,8:12:00,0,815,117,16,1,0.0625,,
6604,1,805,5:11:00 PM,2,0:19:00,7:08:00,0,807,113,22,7,0.318181818,,
6691,1,797,9:38:00 PM,2,2:35:00,4:57:00,0,798,114,17,3,0.176470588,,
6734,1,813,10:06:00 AM,2,18:33:00,8:27:00,0,811,117,17,2,0.117647059,,
7413,1,820,4:00:00 PM,2,23:01:00,7:01:00,0,819,116,20,6,0.3,,
7492,1,802,6:12:00 PM,2,23:53:00,5:41:00,1,798,119,#N/A,#N/A,#N/A,,
7876,1,801,3:48:00 PM,2,22:10:00,6:22:00,0,798,118,#N/A,#N/A,#N/A,,
7932,1,798,8:28:00 AM,2,14:02:00,5:34:00,0,796,117,17,1,0.058823529,,
8028,1,821,10:34:00 AM,2,18:55:00,8:21:00,0,819,117,14,2,0.142857143,,
8086,1,822,3:00:00 PM,2,20:46:00,5:46:00,0,821,116,20,0,0,,
8217,1,796,1:38:00 AM,2,7:00:00,5:22:00,0,795,116,15,1,0.066666667,,
8489,1,795,5:09:00 PM,2,22:50:00,5:41:00,0,795,115,23,1,0.043478261,,
8867,1,798,8:40:00 AM,2,19:19:00,10:39:00,0,795,118,17,0,0,,
9078,1,803,9:19:00 PM,2,3:30:00,6:11:00,0,802,116,19,4,0.210526316,,
9427,1,826,2:11:00 PM,2,22:10:00,7:59:00,0,826,115,18,0,0,,
9563,1,814,2:54:00 PM,2,1:16:00,10:22:00,0,815,114,16,7,0.4375,,
9955,1,816,3:28:00 PM,2,6:48:00,15:20:00,0,812,119,#N/A,#N/A,#N/A,,
10190,1,804,12:58:00 PM,2,17:29:00,4:31:00,0,801,118,18,1,0.055555556,,
10328,1,806,1:00:00 PM,2,15:08:00,2:08:00,0,804,117,15,3,0.2,,
10356,1,824,10:10:00 AM,2,13:30:00,3:20:00,1,821,118,17,1,0.058823529,,
10370,1,814,9:40:00 PM,2,8:57:00,11:17:00,0,811,118,13,5,0.384615385,,
10426,1,802,7:12:00 PM,2,21:15:00,2:03:00,0,801,116,15,0,0,,
11360,1,830,11:09:00 AM,2,,12:51:00,0,831,114,17,1,0.058823529,,
11806,1,806,7:36:00 PM,2,15:58:00,20:22:00,0,804,117,16,0,0,,
12251,1,805,1:27:00 PM,2,22:51:00,9:24:00,0,804,116,21,5,0.238095238,,
12371,1,799,5:42:00 PM,2,16:00:00,22:18:00,0,798,116,18,0,0,,
12611,1,828,1:11:00 PM,2,19:56:00,6:45:00,0,826,117,17,1,0.058823529,,
12650,1,828,1:10:00 AM,2,7:46:00,6:36:00,0,829,114,15,2,0.133333333,,
12724,1,817,1:35:00 PM,2,18:04:00,4:29:00,0,816,116,18,1,0.055555556,,
12791,1,796,6:02:00 PM,2,21:25:00,3:23:00,0,796,115,#N/A,#N/A,#N/A,,
12828,1,816,1:48:00 PM,2,19:46:00,5:58:00,0,815,116,14,0,0,,
12829,1,811,3:50:00 PM,2,0:15:00,8:25:00,0,810,116,18,1,0.055555556,,
12829,1,811,3:50:00 PM,2,0:15:00,8:25:00,0,810,116,18,1,0.055555556,,
12918,1,824,4:29:00 PM,2,21:52:00,5:23:00,0,825,114,18,0,0,,
12932,1,816,12:11:00 PM,2,18:14:00,6:03:00,0,815,116,20,2,0.1,,
13085,1,824,4:02:00 PM,2,23:45:00,7:43:00,0,825,114,17,2,0.117647059,,
13757,1,829,12:43:00 AM,2,5:44:00,5:01:00,0,829,115,22,3,0.136363636,,
13907,1,810,11:13:00 AM,2,16:31:00,5:18:00,0,809,116,19,0,0,,
13950,1,804,3:07:00 PM,2,17:30:00,2:23:00,1,801,118,13,1,0.076923077,,
14088,1,817,10:29:00 PM,2,3:25:00,4:56:00,0,817,115,15,1,0.066666667,,
14094,1,823,6:26:00 PM,2,23:52:00,5:26:00,0,822,116,16,1,0.0625,,
14640,1,806,2:07:00 PM,2,19:38:00,5:31:00,0,806,115,17,2,0.117647059,,
14784,1,807,1:35:00 PM,2,17:58:00,4:23:00,0,806,116,8,2,0.25,,
15042,1,810,12:47:00 PM,2,21:22:00,8:35:00,0,809,116,19,1,0.052631579,,
15053,1,820,11:13:00 AM,2,15:19:00,4:06:00,0,819,116,13,0,0,,
15091,1,818,3:51:00 PM,2,20:00:00,4:09:00,0,818,115,13,0,0,,
15122,1,817,1:07:00 AM,2,6:15:00,5:08:00,0,814,118,16,2,0.125,,
15131,1,825,11:30:00 AM,2,17:35:00,6:05:00,0,825,115,12,2,0.166666667,,
15136,1,807,11:06:00 AM,2,18:18:00,7:12:00,0,808,114,14,1,0.071428571,,
15155,1,815,5:55:00 PM,2,9:09:00,15:14:00,0,814,116,11,0,0,,
15175,1,811,1:05:00 AM,2,6:48:00,5:43:00,0,810,116,9,0,0,,
15205,1,820,3:18:00 PM,2,18:31:00,3:13:00,0,819,116,9,0,0,,
15261,1,827,1:15:00 PM,2,19:10:00,5:55:00,0,825,117,14,0,0,,
15299,1,811,11:05:00 AM,2,18:37:00,7:32:00,0,809,117,#N/A,#N/A,#N/A,,
15305,1,825,12:58:00 PM,2,16:44:00,3:46:00,0,824,116,14,0,0,,
3839,1,798,5:03:00 PM,3,19:20:00,2:17:00,0,796,117,8,0,0,,
4589,1,816,12:09:00 AM,3,6:02:00,5:53:00,0,815,116,15,6,0.4,,
4730,1,801,1:49:00 AM,3,6:50:00,5:01:00,0,798,118,15,0,0,,
7823,1,826,10:11:00 PM,3,5:00:00,6:49:00,0,826,115,19,13,0.684210526,,
8109,1,812,12:23:00 AM,3,0:53:00,0:30:00,0,808,119,12,0,0,,
9238,1,813,8:20:00 AM,3,12:08:00,3:48:00,0,812,116,11,0,0,,
10162,1,807,12:52:00 AM,3,6:05:00,5:13:00,0,806,116,18,1,0.055555556,,
11979,1,828,4:31:00 PM,3,3:08:00,10:37:00,0,825,118,20,2,0.1,,
12021,1,816,3:22:00 AM,3,8:42:00,5:20:00,0,815,116,12,4,0.333333333,,
12737,1,803,1:47:00 PM,3,18:59:00,5:12:00,0,801,117,17,0,0,,
12932,1,816,12:11:00 PM,3,20:42:00,8:31:00,0,815,116,20,2,0.1,,
13207,1,830,11:06:00 AM,3,,12:54:00,0,829,116,9,1,0.111111111,,
13602,1,821,6:00:00 PM,3,22:53:00,4:53:00,0,819,117,36,22,0.611111111,,
13844,1,809,2:00:00 PM,3,18:13:00,4:13:00,0,808,116,15,0,0,,
13916,1,806,7:37:00 PM,3,22:36:00,2:59:00,0,806,115,15,0,0,,
14140,1,830,1:25:00 PM,3,,10:35:00,0,829,116,18,0,0,,
15018,1,810,6:40:00 AM,3,9:55:00,3:15:00,0,810,115,15,2,0.133333333,,
15098,1,810,11:02:00 PM,3,4:22:00,5:20:00,0,809,116,13,1,0.076923077,,
15108,1,811,11:22:00 PM,3,3:33:00,4:11:00,0,809,117,12,2,0.166666667,,
15149,1,811,6:23:00 AM,3,9:00:00,2:37:00,0,809,117,11,1,0.090909091,,
15292,1,811,5:16:00 PM,3,19:46:00,2:30:00,0,810,116,13,0,0,,
15294,1,828,5:48:00 PM,3,23:33:00,5:45:00,0,827,116,14,2,0.142857143,,
15309,1,829,2:37:00 AM,3,7:01:00,4:24:00,0,827,117,17,3,0.176470588,,
4269,1,807,5:38:00 AM,4,7:21:00,1:43:00,0,804,118,14,0,0,,
6038,1,805,5:26:00 PM,4,20:51:00,3:25:00,0,804,116,19,3,0.157894737,,
6945,1,823,2:31:00 PM,4,18:10:00,3:39:00,0,824,114,17,1,0.058823529,,
8000,1,810,10:55:00 PM,4,3:01:00,4:06:00,1,807,118,12,1,0.083333333,,
10376,1,828,5:44:00 AM,4,11:30:00,5:46:00,0,826,117,21,3,0.142857143,,
10464,1,809,10:44:00 AM,4,16:36:00,5:52:00,0,807,117,15,1,0.066666667,,
14058,1,819,10:16:00 AM,4,12:21:00,2:05:00,0,819,115,16,0,0,,
14126,1,830,11:06:00 AM,4,,12:54:00,0,829,116,17,1,0.058823529,,
14219,1,820,3:20:00 PM,4,18:04:00,2:44:00,0,819,116,15,2,0.133333333,,
14314,1,805,2:14:00 PM,4,18:45:00,4:31:00,0,806,114,14,0,0,,
14894,1,817,2:58:00 PM,4,16:29:00,1:31:00,0,792,140,#N/A,#N/A,#N/A,,
14894,1,817,2:58:00 PM,4,16:29:00,1:31:00,0,818,114,#N/A,#N/A,#N/A,,
15031,1,810,2:20:00 AM,4,7:02:00,4:42:00,0,809,116,11,1,0.090909091,,
15076,1,823,12:20:00 PM,4,14:38:00,2:18:00,0,824,114,15,1,0.066666667,,
15117,1,822,5:39:00 AM,4,10:18:00,4:39:00,0,824,113,#N/A,#N/A,#N/A,,
15157,1,808,10:09:00 PM,4,3:17:00,5:08:00,0,809,114,15,1,0.066666667,,
15209,1,818,1:59:00 PM,4,17:22:00,3:23:00,0,819,114,12,1,0.083333333,,
10500,1,814,4:21:00 AM,5,9:18:00,4:57:00,0,811,118,#N/A,#N/A,#N/A,,
15045,1,810,3:03:00 PM,5,23:47:00,8:44:00,0,809,116,16,2,0.125,,
15027,1,824,5:08:00 AM,6,7:08:00,2:00:00,0,824,115,16,2,0.125,,
4409,1,803,8:41:00 PM,7,22:03:00,1:22:00,0,801,117,16,0,0,,
14582,1,796,5:30:00 PM,7,18:59:00,1:29:00,0,793,118,12,1,0.083333333,,
8260,1,804,6:14:00 AM,8,9:10:00,2:56:00,0,802,117,20,2,0.1,,
7119,1,816,3:16:00 AM,9,6:59:00,3:43:00,0,815,116,14,3,0.214285714,,
14171,1,807,1:30:00 PM,9,18:12:00,4:42:00,0,805,117,17,1,0.058823529,,
15035,1,809,9:38:00 PM,9,22:57:00,1:19:00,0,810,114,16,1,0.0625,,
15146,1,820,3:18:00 AM,10,7:21:00,4:03:00,0,819,116,13,0,0,,
10392,1,828,10:13:00 PM,11,0:34:00,2:21:00,0,826,117,15,1,0.066666667,,
15102,1,809,3:00:00 PM,11,22:55:00,7:55:00,0,810,114,18,0,0,,
6371,1,795,5:00:00 AM,13,8:10:00,3:10:00,0,794,116,19,5,0.263157895,,
8675,1,795,5:01:00 AM,14,8:08:00,3:07:00,0,795,115,15,2,0.133333333,,
15090,1,819,12:18:00 PM,15,12:52:00,0:34:00,0,819,115,16,0,0,,
3867,1,804,10:39:00 AM,1,15:12:00,4:33:00,0,802,117,19,3,0.157894737,,
4017,1,811,6:46:00 PM,1,1:52:00,16:54:00,0,810,116,15,1,0.066666667,,
4454,1,816,11:46:00 PM,1,5:40:00,5:54:00,0,815,116,15,2,0.133333333,,
4495,1,800,10:48:00 AM,1,15:14:00,4:26:00,0,801,114,19,2,0.105263158,,
4633,1,810,8:51:00 AM,1,11:06:00,2:15:00,0,811,114,#N/A,#N/A,#N/A,,
4639,1,812,7:31:00 PM,1,4:15:00,8:44:00,1,809,118,10,0,0,,
4833,1,823,2:07:00 PM,1,17:14:00,3:07:00,0,824,114,22,2,0.090909091,,
5013,1,815,5:42:00 PM,1,0:13:00,6:31:00,0,815,115,11,0,0,,
5029,1,801,10:39:00 AM,1,13:04:00,2:25:00,0,798,118,23,1,0.043478261,,
5148,1,815,7:05:00 PM,1,13:48:00,18:43:00,0,814,116,12,4,0.333333333,,
5419,1,830,12:46:00 PM,1,,11:14:00,0,829,116,#N/A,#N/A,#N/A,,
5612,1,814,10:27:00 PM,1,0:57:00,2:30:00,0,815,114,6,0,0,,
5634,1,808,11:40:00 AM,1,17:16:00,5:36:00,0,805,118,14,2,0.142857143,,
5903,1,797,3:39:00 PM,1,1:30:00,9:51:00,0,798,114,17,6,0.352941176,,
5992,1,813,6:34:00 AM,1,12:05:00,5:31:00,0,809,119,9,0,0,,
6229,1,828,11:28:00 AM,1,23:36:00,12:08:00,0,825,118,16,5,0.3125,,
6229,1,828,1:07:00 PM,1,23:36:00,10:29:00,0,825,118,16,5,0.3125,,
6268,1,816,12:02:00 AM,1,6:39:00,6:37:00,1,812,119,20,3,0.15,,
6394,1,829,12:28:00 PM,1,5:06:00,16:38:00,0,829,115,#N/A,#N/A,#N/A,,
6428,1,810,3:10:00 PM,1,6:42:00,15:32:00,0,809,116,#N/A,#N/A,#N/A,,
6452,1,797,1:30:00 PM,1,21:33:00,8:03:00,0,796,116,18,6,0.333333333,,
6571,1,825,7:40:00 PM,1,22:49:00,3:09:00,0,824,116,13,0,0,,
6607,1,817,1:36:00 PM,1,18:05:00,4:29:00,0,816,116,15,1,0.066666667,,
6674,1,802,7:45:00 PM,1,0:05:00,4:20:00,0,804,113,11,0,0,,
6674,1,802,7:45:00 PM,1,12:05:00,16:20:00,0,804,113,11,0,0,,
6678,1,816,10:38:00 AM,1,16:16:00,5:38:00,0,816,115,16,1,0.0625,,
6780,1,830,11:56:00 AM,1,,12:04:00,0,829,116,17,2,0.117647059,,
6855,1,812,8:11:00 AM,1,17:49:00,9:38:00,0,810,117,14,0,0,,
6970,1,813,11:15:00 AM,1,12:30:00,1:15:00,0,815,113,20,1,0.05,,
7031,1,806,3:02:00 PM,1,23:41:00,8:39:00,0,805,116,16,1,0.0625,,
7045,1,810,12:07:00 PM,1,15:01:00,2:54:00,1,807,118,14,2,0.142857143,,
7123,1,809,6:38:00 PM,1,2:50:00,8:12:00,0,808,116,17,5,0.294117647,,
7384,1,795,5:09:00 PM,1,2:36:00,9:27:00,0,794,116,17,3,0.176470588,,
7787,1,811,12:56:00 PM,1,3:04:00,14:08:00,0,809,117,17,9,0.529411765,,
7790,1,797,3:19:00 PM,1,7:05:00,15:46:00,0,796,116,22,6,0.272727273,,
7797,1,799,4:44:00 PM,1,20:47:00,4:03:00,0,798,116,12,1,0.083333333,,
7808,1,824,1:10:00 PM,1,18:01:00,4:51:00,0,822,117,23,3,0.130434783,,
7826,1,807,11:47:00 AM,1,21:47:00,10:00:00,0,808,114,23,2,0.086956522,,
7839,1,809,5:10:00 PM,1,2:48:00,9:38:00,0,808,116,14,1,0.071428571,,
7990,1,816,5:15:00 AM,1,21:27:00,16:12:00,0,814,117,16,4,0.25,,
8034,1,828,1:11:00 PM,1,22:24:00,9:13:00,0,828,115,23,4,0.173913043,,
8050,1,796,4:20:00 PM,1,21:17:00,4:57:00,0,793,118,15,1,0.066666667,,
8051,1,812,11:47:00 AM,1,20:40:00,8:53:00,1,808,119,16,3,0.1875,,
8100,1,828,3:17:00 PM,1,0:58:00,9:41:00,0,827,116,#N/A,#N/A,#N/A,,
8374,1,829,2:51:00 PM,1,5:05:00,14:14:00,0,830,114,18,0,0,,
8495,1,809,11:15:00 PM,1,4:59:00,5:44:00,0,807,117,17,5,0.294117647,,
8636,1,809,9:27:00 AM,1,21:14:00,11:47:00,0,808,116,#N/A,#N/A,#N/A,,
8652,1,816,10:35:00 AM,1,21:31:00,10:56:00,0,814,117,#N/A,#N/A,#N/A,,
8702,1,797,5:03:00 PM,1,3:23:00,10:20:00,0,796,116,23,8,0.347826087,,
8706,1,817,10:49:00 AM,1,19:49:00,9:00:00,0,814,118,21,3,0.142857143,,
9092,1,811,6:16:00 PM,1,0:22:00,6:06:00,0,809,117,23,6,0.260869565,,
9226,1,824,4:31:00 PM,1,23:50:00,7:19:00,0,824,115,18,1,0.055555556,,
9448,1,816,4:06:00 PM,1,17:45:00,1:39:00,0,814,117,24,16,0.666666667,,
9467,1,810,12:02:00 PM,1,19:00:00,6:58:00,0,809,116,21,4,0.19047619,,
9487,1,824,6:11:00 PM,1,3:59:00,9:48:00,1,821,118,13,2,0.153846154,,
10062,1,804,8:48:00 AM,1,18:27:00,9:39:00,0,802,117,18,0,0,,
10072,1,799,5:29:00 PM,1,4:28:00,10:59:00,0,797,117,21,3,0.142857143,,
10208,1,819,6:27:00 PM,1,11:43:00,17:16:00,0,819,115,19,4,0.210526316,,
10209,1,806,2:53:00 PM,1,17:42:00,2:49:00,0,807,114,19,0,0,,
10227,1,801,1:37:00 PM,1,20:26:00,6:49:00,0,799,117,15,1,0.066666667,,
10241,1,807,3:11:00 PM,1,0:27:00,9:16:00,0,805,117,17,2,0.117647059,,
10258,1,828,6:42:00 PM,1,23:43:00,5:01:00,0,827,116,15,1,0.066666667,,
10274,1,810,11:18:00 AM,1,17:47:00,6:29:00,0,808,117,9,1,0.111111111,,
10276,1,810,6:38:00 PM,1,3:05:00,8:27:00,0,808,117,18,3,0.166666667,,
10334,1,819,4:35:00 PM,1,21:57:00,5:22:00,0,818,116,24,3,0.125,,
10354,1,816,5:53:00 AM,1,10:36:00,4:43:00,1,812,119,17,1,0.058823529,,
10367,1,814,8:37:00 PM,1,1:00:00,4:23:00,0,812,117,21,3,0.142857143,,
10393,1,820,6:58:00 AM,1,0:56:00,17:58:00,0,818,117,16,4,0.25,,
10419,1,824,10:19:00 AM,1,18:01:00,7:42:00,0,821,118,20,3,0.15,,
11265,1,809,7:57:00 AM,1,11:34:00,3:37:00,1,806,118,6,0,0,,
11480,1,825,5:20:00 PM,1,19:50:00,2:30:00,0,824,116,18,3,0.166666667,,
11612,1,800,11:16:00 AM,1,21:40:00,10:24:00,0,800,115,13,1,0.076923077,,
11635,1,818,10:03:00 AM,1,13:23:00,3:20:00,0,819,114,16,0,0,,
11745,1,802,8:38:00 PM,1,5:45:00,9:07:00,0,802,115,19,3,0.157894737,,
11745,1,802,8:38:00 PM,1,7:30:00,10:52:00,0,802,115,19,3,0.157894737,,
11825,1,806,7:38:00 PM,1,22:38:00,3:00:00,0,812,109,6,0,0,,
11873,1,808,3:10:00 PM,1,22:52:00,7:42:00,0,805,118,13,0,0,,
12020,1,797,9:29:00 AM,1,12:56:00,3:27:00,0,796,116,9,0,0,,
12101,1,796,5:57:00 AM,1,12:01:00,6:04:00,0,795,116,13,0,0,,
12296,1,820,6:05:00 AM,1,11:20:00,5:15:00,0,823,112,17,0,0,,
12352,1,799,11:06:00 AM,1,17:28:00,6:22:00,0,798,116,16,0,0,,
12357,1,798,12:20:00 PM,1,19:38:00,7:18:00,0,796,117,19,1,0.052631579,,
12365,1,809,2:19:00 PM,1,20:28:00,6:09:00,0,808,116,13,0,0,,
12380,1,824,4:12:00 PM,1,20:21:00,4:09:00,0,823,116,19,2,0.105263158,,
12398,1,809,11:11:00 PM,1,3:02:00,3:51:00,0,810,114,16,1,0.0625,,
12416,1,803,5:30:00 PM,1,23:37:00,6:07:00,0,802,116,16,0,0,,
12428,1,822,1:13:00 AM,1,10:07:00,8:54:00,0,819,118,18,5,0.277777778,,
12432,1,796,2:51:00 AM,1,12:49:00,9:58:00,0,796,115,12,2,0.166666667,,
12532,1,818,6:35:00 AM,1,10:10:00,3:35:00,0,816,117,23,0,0,,
12541,1,806,7:07:00 AM,1,10:28:00,3:21:00,0,805,116,20,1,0.05,,
12544,1,820,11:12:00 AM,1,18:34:00,7:22:00,0,819,116,15,0,0,,
12591,1,811,7:38:00 AM,1,14:20:00,6:42:00,0,810,116,17,0,0,,
12600,1,804,7:02:00 PM,1,21:46:00,2:44:00,1,805,114,13,0,0,,
12620,1,803,1:38:00 PM,1,18:54:00,5:16:00,0,802,116,19,1,0.052631579,,
12620,1,803,1:38:00 PM,1,13:38:00,0:00:00,0,802,116,19,1,0.052631579,,
12654,1,818,10:02:00 AM,1,14:32:00,4:30:00,0,819,114,17,1,0.058823529,,
12682,1,827,1:10:00 AM,1,8:22:00,7:12:00,0,826,116,20,1,0.05,,
12694,1,802,6:17:00 PM,1,0:06:00,5:49:00,0,801,116,16,3,0.1875,,
12700,1,806,1:16:00 PM,1,23:40:00,10:24:00,0,805,116,17,1,0.058823529,,
12722,1,826,4:53:00 AM,1,10:38:00,5:45:00,0,826,115,18,2,0.111111111,,
12733,1,801,5:25:00 AM,1,10:35:00,5:10:00,0,800,116,14,1,0.071428571,,
12757,1,810,4:29:00 PM,1,0:54:00,8:25:00,0,808,117,16,0,0,,
12776,1,819,3:04:00 PM,1,11:44:00,20:40:00,0,819,115,19,3,0.157894737,,
12777,1,828,1:12:00 PM,1,15:17:00,2:05:00,0,827,116,13,1,0.076923077,,
12784,1,797,9:29:00 AM,1,16:05:00,6:36:00,0,796,116,17,0,0,,
12793,1,826,10:38:00 AM,1,22:04:00,11:26:00,0,826,115,19,2,0.105263158,,
12877,1,820,5:47:00 PM,1,21:29:00,3:42:00,0,820,115,21,1,0.047619048,,
12893,1,825,10:02:00 PM,1,7:03:00,9:01:00,0,826,114,19,2,0.105263158,,
12914,1,826,11:49:00 AM,1,17:15:00,5:26:00,0,824,117,20,3,0.15,,
12944,1,813,6:35:00 AM,1,11:39:00,5:04:00,0,811,117,11,0,0,,
12945,1,827,5:36:00 PM,1,22:15:00,4:39:00,0,826,116,17,1,0.058823529,,
12955,1,822,12:20:00 PM,1,18:20:00,6:00:00,0,823,114,17,3,0.176470588,,
13018,1,826,2:10:00 PM,1,22:10:00,8:00:00,0,826,115,15,2,0.133333333,,
13044,1,827,6:33:00 PM,1,1:13:00,6:40:00,0,830,112,22,6,0.272727273,,
13560,1,796,3:05:00 PM,1,18:52:00,3:47:00,0,795,116,16,2,0.125,,
13639,1,797,8:48:00 AM,1,17:36:00,8:48:00,0,796,116,16,1,0.0625,,
13715,1,801,10:49:00 AM,1,5:00:00,18:11:00,0,798,118,17,1,0.058823529,,
13720,1,799,4:30:00 PM,1,4:25:00,11:55:00,0,798,116,16,3,0.1875,,
13722,1,800,8:09:00 PM,1,19:14:00,23:05:00,0,798,117,17,2,0.117647059,,
13745,1,802,9:35:00 AM,1,16:30:00,6:55:00,0,801,116,23,2,0.086956522,,
13751,1,795,11:51:00 AM,1,15:48:00,3:57:00,0,796,114,19,5,0.263157895,,
13756,1,822,1:39:00 PM,1,20:54:00,7:15:00,0,824,113,13,1,0.076923077,,
13776,1,820,11:11:00 AM,1,3:10:00,15:59:00,0,819,116,15,2,0.133333333,,
13819,1,798,9:32:00 PM,1,23:56:00,2:24:00,0,796,117,13,0,0,,
13827,1,797,2:36:00 PM,1,19:30:00,4:54:00,0,796,116,16,0,0,,
13899,1,803,11:34:00 AM,1,22:18:00,10:44:00,0,801,117,16,1,0.0625,,
13923,1,796,2:44:00 PM,1,20:09:00,5:25:00,0,796,115,20,2,0.1,,
13975,1,825,7:00:00 AM,1,11:18:00,4:18:00,0,824,116,17,2,0.117647059,,
13982,1,810,9:17:00 AM,1,12:45:00,3:28:00,1,807,118,15,1,0.066666667,,
13993,1,803,4:16:00 PM,1,22:23:00,6:07:00,0,802,116,21,0,0,,
13998,1,802,7:45:00 PM,1,10:42:00,14:57:00,0,802,115,5,0,0,,
14010,1,805,5:22:00 PM,1,20:37:00,3:15:00,0,802,118,16,0,0,,
14057,1,797,5:21:00 PM,1,22:13:00,4:52:00,0,798,114,17,0,0,,
14079,1,820,8:21:00 PM,1,23:57:00,3:36:00,0,820,115,15,0,0,,
14098,1,827,5:45:00 PM,1,23:43:00,5:58:00,0,826,116,15,0,0,,
14128,1,821,9:15:00 AM,1,11:43:00,2:28:00,0,821,115,10,0,0,,
14154,1,805,12:31:00 PM,1,17:31:00,5:00:00,1,802,118,17,1,0.058823529,,
14202,1,825,11:26:00 AM,1,19:00:00,7:34:00,0,825,115,17,1,0.058823529,,
14242,1,821,2:44:00 PM,1,19:43:00,4:59:00,0,820,116,17,0,0,,
14245,1,818,8:56:00 AM,1,14:39:00,5:43:00,0,816,117,21,0,0,,
14261,1,807,1:00:00 PM,1,21:08:00,8:08:00,0,805,117,16,3,0.1875,,
14269,1,821,9:45:00 AM,1,15:20:00,5:35:00,0,819,117,13,1,0.076923077,,
14270,1,830,6:05:00 AM,1,11:04:00,4:59:00,0,826,119,23,14,0.608695652,,
14284,1,826,12:49:00 PM,1,16:50:00,4:01:00,0,826,115,16,0,0,,
14290,1,812,6:01:00 AM,1,12:45:00,6:44:00,0,811,116,16,1,0.0625,,
14305,1,810,8:10:00 PM,1,4:43:00,8:33:00,0,810,115,13,0,0,,
14313,1,810,1:18:00 PM,1,21:10:00,7:52:00,1,807,118,13,0,0,,
14315,1,814,9:17:00 AM,1,12:44:00,3:27:00,0,812,117,20,3,0.15,,
14888,1,798,11:16:00 AM,1,14:40:00,3:24:00,0,799,114,15,0,0,,
15029,1,810,6:14:00 PM,1,22:50:00,4:36:00,0,809,116,13,1,0.076923077,,
15048,1,828,11:34:00 AM,1,19:30:00,7:56:00,0,828,115,9,1,0.111111111,,
15095,1,819,5:02:00 AM,1,10:14:00,5:12:00,0,818,116,11,0,0,,
15099,1,808,4:17:00 PM,1,20:21:00,4:04:00,0,809,114,13,0,0,,
15130,1,822,10:10:00 AM,1,14:30:00,4:20:00,0,821,116,15,0,0,,
15138,1,814,6:31:00 PM,1,1:12:00,6:41:00,0,813,116,12,8,0.666666667,,
15151,1,821,1:30:00 PM,1,16:05:00,2:35:00,0,818,118,8,1,0.125,,
15159,1,810,5:55:00 AM,1,8:35:00,2:40:00,0,809,116,15,1,0.066666667,,
15169,1,812,9:28:00 PM,1,11:09:00,13:41:00,0,812,115,#N/A,#N/A,#N/A,,
15171,1,811,7:48:00 AM,1,11:17:00,3:29:00,0,812,114,15,0,0,,
15186,1,813,8:30:00 AM,1,12:00:00,3:30:00,0,812,116,14,0,0,,
15189,1,821,10:36:00 AM,1,13:20:00,2:44:00,0,820,116,15,1,0.066666667,,
15206,1,822,1:01:00 PM,1,3:50:00,14:49:00,0,820,117,2,2,1,,
15210,1,822,5:35:00 AM,1,10:11:00,4:36:00,0,821,116,15,1,0.066666667,,
15221,1,828,1:11:00 PM,1,18:40:00,5:29:00,0,828,115,19,1,0.052631579,,
15224,1,818,4:36:00 PM,1,21:39:00,5:03:00,0,818,115,14,0,0,,
15247,1,807,4:32:00 AM,1,7:35:00,3:03:00,0,808,114,14,2,0.142857143,,
15263,1,810,11:04:00 AM,1,15:00:00,3:56:00,0,811,114,15,0,0,,
15281,1,825,6:46:00 PM,1,0:51:00,6:05:00,0,824,116,#N/A,#N/A,#N/A,,
15290,1,809,9:41:00 AM,1,13:55:00,4:14:00,0,809,115,16,1,0.0625,,
15297,1,813,11:15:00 AM,1,17:05:00,5:50:00,0,811,117,15,3,0.2,,
3996,1,818,7:01:00 AM,2,10:12:00,3:11:00,0,815,118,18,1,0.055555556,,
4364,1,806,4:53:00 PM,2,20:26:00,3:33:00,0,807,114,15,0,0,,
4957,1,812,11:24:00 AM,2,16:36:00,5:12:00,1,809,118,17,4,0.235294118,,
5099,1,811,5:17:00 PM,2,21:06:00,3:49:00,1,808,118,#N/A,#N/A,#N/A,,
5726,1,803,11:30:00 AM,2,16:28:00,4:58:00,0,801,117,13,2,0.153846154,,
5949,1,817,1:34:00 PM,2,0:37:00,11:03:00,0,818,114,18,5,0.277777778,,
6054,1,813,7:12:00 AM,2,12:02:00,4:50:00,0,814,114,#N/A,#N/A,#N/A,,
6153,1,825,11:58:00 AM,2,17:22:00,5:24:00,0,824,116,#N/A,#N/A,#N/A,,
6218,1,820,10:00:00 AM,2,15:24:00,5:24:00,0,818,117,17,1,0.058823529,,
6489,1,809,5:09:00 PM,2,22:20:00,5:11:00,0,808,116,16,1,0.0625,,
6906,1,798,12:58:00 AM,2,2:39:00,1:41:00,0,796,117,19,9,0.473684211,,
7142,1,827,11:51:00 PM,2,7:08:00,7:17:00,0,827,115,13,0,0,,
7401,1,827,8:40:00 AM,2,12:30:00,3:50:00,0,825,117,18,1,0.055555556,,
7789,1,801,5:56:00 PM,2,23:32:00,5:36:00,0,799,117,19,2,0.105263158,,
7854,1,830,6:06:00 AM,2,,17:54:00,0,829,116,16,10,0.625,,
7859,1,806,11:49:00 AM,2,18:00:00,6:11:00,0,805,116,18,1,0.055555556,,
8007,1,801,3:12:00 AM,2,13:07:00,9:55:00,0,797,119,18,3,0.166666667,,
8041,1,809,6:16:00 PM,2,0:08:00,5:52:00,0,808,116,22,4,0.181818182,,
8435,1,802,11:41:00 AM,2,17:10:00,5:29:00,0,799,118,14,2,0.142857143,,
8475,1,814,5:50:00 PM,2,6:15:00,12:25:00,0,812,117,17,3,0.176470588,,
8655,1,807,4:36:00 PM,2,1:50:00,9:14:00,0,805,117,21,2,0.095238095,,
8730,1,812,2:56:00 AM,2,20:25:00,17:29:00,0,809,118,17,6,0.352941176,,
9091,1,805,11:15:00 AM,2,22:09:00,10:54:00,0,805,115,23,7,0.304347826,,
9974,1,803,5:30:00 PM,2,21:13:00,3:43:00,0,800,118,15,1,0.066666667,,
10013,1,798,4:46:00 AM,2,8:41:00,3:55:00,0,794,119,16,2,0.125,,
10075,1,796,6:06:00 PM,2,2:04:00,7:58:00,0,796,115,21,3,0.142857143,,
10139,1,807,11:54:00 AM,2,18:02:00,6:08:00,0,806,116,8,0,0,,
10213,1,821,3:30:00 PM,2,22:59:00,7:29:00,0,822,114,19,0,0,,
10218,1,818,1:05:00 PM,2,21:13:00,8:08:00,0,817,116,16,2,0.125,,
10378,1,812,2:51:00 PM,2,16:11:00,1:20:00,0,812,115,14,0,0,,
11822,1,811,1:55:00 AM,2,6:34:00,4:39:00,0,811,115,19,1,0.052631579,,
11892,1,797,10:55:00 AM,2,17:28:00,6:33:00,0,796,116,16,0,0,,
12363,1,799,7:40:00 AM,2,11:46:00,4:06:00,0,796,118,16,0,0,,
12382,1,825,12:58:00 PM,2,21:58:00,9:00:00,0,824,116,15,0,0,,
12392,1,817,11:47:00 PM,2,3:27:00,3:40:00,0,816,116,18,3,0.166666667,,
12425,1,800,4:28:00 AM,2,9:54:00,5:26:00,0,798,117,23,4,0.173913043,,
12508,1,824,4:00:00 PM,2,20:38:00,4:38:00,0,824,115,16,1,0.0625,,
12534,1,814,10:42:00 PM,2,1:57:00,3:15:00,0,814,115,19,0,0,,
12665,1,795,7:47:00 PM,2,0:49:00,5:02:00,0,794,116,#N/A,#N/A,#N/A,,
12756,1,826,10:45:00 AM,2,12:45:00,2:00:00,1,822,119,3,0,0,,
12849,1,824,1:01:00 AM,2,5:07:00,4:06:00,0,823,116,19,0,0,,
12871,1,819,10:16:00 AM,2,17:15:00,6:59:00,0,819,115,19,1,0.052631579,,
12934,1,823,5:15:00 PM,2,3:28:00,10:13:00,0,824,114,#N/A,#N/A,#N/A,,
13008,1,820,11:11:00 AM,2,16:04:00,4:53:00,0,819,116,16,0,0,,
13593,1,800,7:55:00 AM,2,14:00:00,6:05:00,0,798,117,21,0,0,,
13848,1,795,2:33:00 PM,2,17:49:00,3:16:00,0,795,115,16,0,0,,
13937,1,823,4:00:00 PM,2,19:05:00,3:05:00,0,821,117,15,2,0.133333333,,
14029,1,827,12:34:00 PM,2,14:50:00,2:16:00,0,826,116,16,1,0.0625,,
14044,1,812,3:12:00 PM,2,20:22:00,5:10:00,0,810,117,17,0,0,,
14102,1,825,7:02:00 AM,2,13:30:00,6:28:00,0,824,116,22,6,0.272727273,,
14118,1,801,8:45:00 AM,2,12:44:00,3:59:00,1,798,118,15,0,0,,
14146,1,807,1:35:00 PM,2,19:31:00,5:56:00,0,805,117,18,3,0.166666667,,
14160,1,805,8:34:00 PM,2,11:02:00,14:28:00,0,802,118,12,0,0,,
14211,1,820,1:34:00 PM,2,17:40:00,4:06:00,0,819,116,17,3,0.176470588,,
14238,1,826,10:07:00 PM,2,2:04:00,3:57:00,0,826,115,19,0,0,,
14239,1,810,10:51:00 PM,2,6:25:00,7:34:00,0,809,116,16,1,0.0625,,
15004,1,806,3:37:00 AM,2,10:24:00,6:47:00,0,805,116,7,0,0,,
15019,1,812,3:18:00 PM,2,19:58:00,4:40:00,0,810,117,14,1,0.071428571,,
15106,1,822,12:22:00 PM,2,7:47:00,19:25:00,0,824,113,12,1,0.083333333,,
15123,1,817,7:35:00 AM,2,11:31:00,3:56:00,0,817,115,13,0,0,,
15173,1,820,4:03:00 PM,2,21:26:00,5:23:00,0,819,116,11,0,0,,
15187,1,818,12:34:00 PM,2,14:35:00,2:01:00,0,818,115,14,0,0,,
15207,1,819,12:56:00 PM,2,15:50:00,2:54:00,0,818,116,15,0,0,,
15230,1,822,8:38:00 PM,2,3:48:00,7:10:00,0,821,116,12,1,0.083333333,,
15236,1,818,10:47:00 AM,2,13:12:00,2:25:00,0,818,115,14,0,0,,
15240,1,819,11:47:00 PM,2,7:12:00,7:25:00,0,821,113,#N/A,#N/A,#N/A,,
15244,1,827,5:30:00 PM,2,23:51:00,6:21:00,0,828,114,18,0,0,,
15265,1,811,5:17:00 PM,2,20:52:00,3:35:00,0,809,117,#N/A,#N/A,#N/A,,
15304,1,823,2:37:00 AM,2,8:39:00,6:02:00,0,821,117,13,0,0,,
15307,1,827,10:05:00 AM,2,13:20:00,3:15:00,0,828,114,16,0,0,,
4105,1,817,11:38:00 PM,3,16:28:00,7:10:00,0,818,114,18,3,0.166666667,,
4403,1,819,9:57:00 PM,3,1:51:00,3:54:00,0,819,115,15,2,0.133333333,,
4844,1,820,5:30:00 PM,3,21:19:00,3:49:00,0,819,116,17,0,0,,
5320,1,798,4:30:00 PM,3,17:48:00,1:18:00,0,798,115,17,0,0,,
6046,1,797,9:58:00 AM,3,12:59:00,3:01:00,0,794,118,17,1,0.058823529,,
6482,1,827,1:21:00 AM,3,5:14:00,3:53:00,0,827,115,18,4,0.222222222,,
6658,1,807,11:37:00 PM,3,2:37:00,3:00:00,0,806,116,16,1,0.0625,,
7761,1,815,8:39:00 PM,3,3:24:00,6:45:00,0,815,115,17,4,0.235294118,,
7984,1,796,4:04:00 AM,3,11:37:00,7:33:00,0,794,117,15,0,0,,
8718,1,795,4:08:00 PM,3,1:26:00,9:18:00,0,794,116,13,0,0,,
9377,1,798,7:18:00 PM,3,23:50:00,4:32:00,0,796,117,21,4,0.19047619,,
9401,1,822,2:30:00 PM,3,20:54:00,6:24:00,0,822,115,17,3,0.176470588,,
9693,1,810,10:51:00 PM,3,6:30:00,7:39:00,0,809,116,24,4,0.166666667,,
10240,1,810,6:14:00 PM,3,21:25:00,3:11:00,0,808,117,12,0,0,,
10270,1,811,6:54:00 AM,3,9:10:00,2:16:00,0,808,118,19,7,0.368421053,,
10374,1,815,10:21:00 AM,3,13:43:00,3:22:00,0,812,118,17,2,0.117647059,,
12972,1,827,7:10:00 PM,3,22:15:00,3:05:00,0,826,116,19,1,0.052631579,,
13288,1,802,7:48:00 PM,3,0:42:00,4:54:00,0,800,117,11,0,0,,
13692,1,825,4:20:00 PM,3,7:15:00,14:55:00,0,824,116,15,1,0.066666667,,
13701,1,822,12:15:00 PM,3,14:30:00,2:15:00,0,819,118,19,0,0,,
13936,1,824,1:02:00 AM,3,8:22:00,7:20:00,0,824,115,22,2,0.090909091,,
14093,1,814,6:35:00 AM,3,9:00:00,2:25:00,0,810,119,3,0,0,,
14179,1,806,9:54:00 AM,3,16:48:00,6:54:00,0,805,116,18,0,0,,
14257,1,828,3:18:00 PM,3,18:50:00,3:32:00,0,827,116,18,2,0.111111111,,
14264,1,818,12:10:00 PM,3,18:00:00,5:50:00,0,816,117,18,1,0.055555556,,
15150,1,812,5:54:00 PM,3,21:15:00,3:21:00,0,810,117,10,3,0.3,,
15241,1,819,3:04:00 PM,3,17:12:00,2:08:00,0,818,116,13,1,0.076923077,,
15256,1,819,4:35:00 PM,3,21:06:00,4:31:00,0,817,117,15,1,0.066666667,,
4349,1,809,8:37:00 PM,4,0:17:00,3:40:00,0,807,117,10,0,0,,
7854,1,830,7:51:00 AM,4,,16:09:00,0,829,116,16,10,0.625,,
8030,1,796,4:19:00 PM,4,18:44:00,2:25:00,0,794,117,18,1,0.055555556,,
10121,1,825,2:47:00 AM,4,5:52:00,3:05:00,0,824,116,15,2,0.133333333,,
14696,1,795,2:36:00 PM,4,18:05:00,3:29:00,0,796,114,13,1,0.076923077,,
15055,1,816,12:07:00 AM,4,5:25:00,5:18:00,0,814,117,13,0,0,,
15285,1,810,6:21:00 PM,4,0:56:00,6:35:00,0,808,117,14,0,0,,
4170,1,810,6:13:00 PM,5,21:22:00,3:09:00,0,808,117,10,1,0.1,,
5396,1,800,4:30:00 AM,5,9:55:00,5:25:00,0,798,117,18,0,0,,
7028,1,826,10:03:00 PM,5,2:57:00,4:54:00,0,825,116,18,1,0.055555556,,
8996,1,809,3:42:00 PM,5,21:27:00,5:45:00,0,809,115,16,0,0,,
14241,1,807,12:58:00 PM,5,19:31:00,6:33:00,0,805,117,20,4,0.2,,
14994,1,806,12:59:00 PM,5,14:55:00,1:56:00,0,806,115,14,0,0,,
15141,1,811,6:08:00 PM,5,22:03:00,3:55:00,0,810,116,12,0,0,,
15243,1,811,4:01:00 PM,5,18:06:00,2:05:00,0,812,114,16,1,0.0625,,
5040,1,795,5:15:00 AM,6,17:50:00,12:35:00,0,794,116,16,1,0.0625,,
12837,1,822,5:30:00 AM,6,10:05:00,4:35:00,0,819,118,16,1,0.0625,,
13912,1,822,5:31:00 AM,6,10:05:00,4:34:00,0,819,118,15,3,0.2,,
4091,1,804,2:42:00 AM,7,6:30:00,3:48:00,0,801,118,12,0,0,,
6154,1,795,6:15:00 PM,7,23:45:00,5:30:00,0,797,113,16,1,0.0625,,
10288,1,817,2:48:00 AM,7,6:40:00,3:52:00,0,814,118,19,5,0.263157895,,
10289,1,825,9:37:00 PM,7,23:40:00,2:03:00,0,823,117,22,2,0.090909091,,
15191,1,816,1:49:00 PM,7,15:32:00,1:43:00,0,817,114,13,3,0.230769231,,
11943,1,812,7:26:00 PM,8,21:01:00,1:35:00,0,810,117,17,4,0.235294118,,
14184,1,812,7:32:00 PM,9,21:13:00,1:41:00,0,812,115,17,0,0,,
6944,1,823,9:21:00 PM,10,23:53:00,2:32:00,0,822,116,18,1,0.055555556,,
12717,1,826,10:09:00 PM,10,23:06:00,0:57:00,0,826,115,17,1,0.058823529,,
14176,1,826,11:02:00 AM,10,23:53:00,12:51:00,0,825,116,23,1,0.043478261,,
15073,1,808,8:25:00 PM,11,22:55:00,2:30:00,0,809,114,18,0,0,,
15303,1,825,10:05:00 PM,11,3:12:00,5:07:00,0,828,112,18,2,0.111111111,,
3995,2,799,1:48:00 PM,1,18:41:00,4:53:00,0,798,116,18,2,0.111111111,,
4322,2,812,9:44:00 AM,1,12:30:00,2:46:00,0,812,115,13,0,0,,
4353,2,803,3:15:00 PM,1,17:29:00,2:14:00,0,801,117,16,1,0.0625,,
4494,2,817,4:28:00 PM,1,3:49:00,11:21:00,0,818,114,#N/A,#N/A,#N/A,,
4911,2,803,3:16:00 PM,1,0:58:00,9:42:00,0,802,116,16,4,0.25,,
4991,2,795,1:17:00 PM,1,17:52:00,4:35:00,0,794,116,15,1,0.066666667,,
5120,2,812,4:54:00 PM,1,21:01:00,4:07:00,0,810,117,14,3,0.214285714,,
5135,2,810,1:47:00 PM,1,1:50:00,12:03:00,0,810,115,13,3,0.230769231,,
5406,2,819,6:06:00 AM,1,15:54:00,9:48:00,0,819,115,19,3,0.157894737,,
5418,2,813,9:01:00 AM,1,0:15:00,15:14:00,0,809,119,9,2,0.222222222,,
5509,2,797,3:19:00 PM,1,0:07:00,8:48:00,0,796,116,15,1,0.066666667,,
5710,2,797,4:58:00 AM,1,12:22:00,7:24:00,0,795,117,19,1,0.052631579,,
5781,2,811,12:46:00 PM,1,17:21:00,4:35:00,0,811,115,#N/A,#N/A,#N/A,,
5792,2,826,5:43:00 AM,1,12:52:00,7:09:00,0,827,114,18,0,0,,
5822,2,829,8:55:00 AM,1,14:50:00,5:55:00,0,829,115,13,4,0.307692308,,
5864,2,826,2:34:00 AM,1,7:10:00,4:36:00,0,824,117,20,5,0.25,,
5865,2,796,7:25:00 AM,1,14:10:00,6:45:00,0,793,118,14,1,0.071428571,,
5902,2,807,1:36:00 PM,1,19:32:00,5:56:00,0,806,116,15,0,0,,
5948,2,815,11:25:00 AM,1,13:51:00,2:26:00,0,814,116,12,0,0,,
6161,2,808,1:39:00 PM,1,18:46:00,5:07:00,0,806,117,20,3,0.15,,
6161,2,808,1:39:00 PM,1,18:00:00,4:21:00,0,806,117,20,3,0.15,,
6168,2,812,6:00:00 PM,1,21:15:00,3:15:00,0,812,115,11,0,0,,
6241,2,810,12:27:00 AM,1,9:30:00,9:03:00,0,807,118,16,2,0.125,,
6255,2,818,5:51:00 AM,1,9:20:00,3:29:00,0,816,117,15,0,0,,
6338,2,810,1:52:00 PM,1,21:29:00,7:37:00,0,807,118,20,1,0.05,,
6384,2,795,7:30:00 PM,1,1:30:00,6:00:00,0,794,116,17,2,0.117647059,,
6473,2,807,11:38:00 PM,1,15:28:00,15:50:00,0,805,117,12,0,0,,
6611,2,796,9:30:00 AM,1,14:02:00,4:32:00,0,793,118,20,2,0.1,,
6647,2,810,12:10:00 PM,1,15:11:00,3:01:00,0,810,115,20,1,0.05,,
6910,2,827,7:03:00 AM,1,14:30:00,7:27:00,0,827,115,4,0,0,,
6969,2,807,6:30:00 AM,1,11:19:00,4:49:00,0,805,117,22,1,0.045454545,,
7002,2,797,11:20:00 AM,1,17:29:00,6:09:00,0,796,116,21,2,0.095238095,,
7139,2,815,6:02:00 AM,1,6:54:00,0:52:00,0,814,116,10,2,0.2,,
7178,2,828,10:14:00 PM,1,21:10:00,22:56:00,1,825,118,19,0,0,,
7200,2,812,11:45:00 PM,1,6:57:00,7:12:00,0,812,115,17,7,0.411764706,,
7340,2,809,2:07:00 PM,1,19:34:00,5:27:00,0,808,116,14,3,0.214285714,,
7340,2,809,2:07:00 PM,1,19:34:00,5:27:00,0,808,116,14,3,0.214285714,,
7620,2,803,4:53:00 PM,1,1:03:00,8:10:00,0,802,116,23,9,0.391304348,,
7694,2,814,10:06:00 AM,1,12:44:00,2:38:00,0,816,113,13,0,0,,
7762,2,828,5:46:00 AM,1,17:38:00,11:52:00,0,827,116,#N/A,#N/A,#N/A,,
7765,2,811,9:59:00 PM,1,5:35:00,7:36:00,0,810,116,15,1,0.066666667,,
7768,2,818,5:50:00 PM,1,21:32:00,3:42:00,0,815,118,17,1,0.058823529,,
7816,2,827,3:25:00 PM,1,22:15:00,6:50:00,0,820,122,13,1,0.076923077,,
7822,2,823,4:27:00 AM,1,13:02:00,8:35:00,0,821,117,20,6,0.3,,
7852,2,805,6:47:00 PM,1,0:08:00,5:21:00,0,805,115,21,4,0.19047619,,
7903,2,810,12:45:00 AM,1,11:33:00,10:48:00,0,808,117,17,2,0.117647059,,
7919,2,809,8:11:00 AM,1,20:43:00,12:32:00,0,807,117,18,1,0.055555556,,
7980,2,801,12:41:00 PM,1,8:36:00,19:55:00,0,800,116,18,1,0.055555556,,
7980,2,801,12:41:00 AM,1,15:50:00,15:09:00,0,800,116,18,1,0.055555556,,
8002,2,811,6:36:00 AM,1,11:55:00,5:19:00,0,808,118,20,4,0.2,,
8082,2,809,7:25:00 AM,1,14:23:00,6:58:00,0,809,115,20,3,0.15,,
8146,2,802,9:30:00 AM,1,22:30:00,13:00:00,0,798,119,18,5,0.277777778,,
8152,2,795,10:53:00 PM,1,4:30:00,5:37:00,0,794,116,15,3,0.2,,
8156,2,822,6:23:00 AM,1,12:53:00,6:30:00,0,819,118,10,0,0,,
8200,2,796,3:55:00 PM,1,1:05:00,9:10:00,0,794,117,15,2,0.133333333,,
8219,2,796,12:31:00 PM,1,20:44:00,8:13:00,0,793,118,15,1,0.066666667,,
8220,2,796,2:07:00 PM,1,17:57:00,3:50:00,0,795,116,16,0,0,,
8238,2,799,11:01:00 AM,1,18:29:00,7:28:00,0,799,115,21,4,0.19047619,,
8597,2,825,4:01:00 PM,1,23:49:00,7:48:00,0,822,118,14,2,0.142857143,,
8603,2,810,5:26:00 PM,1,3:00:00,9:34:00,0,808,117,18,1,0.055555556,,
8654,2,813,6:55:00 AM,1,9:09:00,2:14:00,0,812,116,16,5,0.3125,,
8721,2,797,8:11:00 AM,1,19:49:00,11:38:00,0,797,115,24,7,0.291666667,,
8724,2,809,7:19:00 PM,1,22:47:00,3:28:00,0,809,115,14,2,0.142857143,,
8728,2,795,9:04:00 PM,1,2:44:00,5:40:00,0,794,116,17,0,0,,
8749,2,798,5:53:00 AM,1,8:39:00,2:46:00,0,794,119,17,1,0.058823529,,
8778,2,796,2:20:00 AM,1,9:30:00,7:10:00,0,794,117,15,0,0,,
8788,2,800,12:30:00 PM,1,15:55:00,3:25:00,1,796,119,14,1,0.071428571,,
8927,2,813,11:17:00 AM,1,18:02:00,6:45:00,0,814,114,15,3,0.2,,
8982,2,801,5:15:00 AM,1,12:10:00,6:55:00,0,800,116,16,1,0.0625,,
9086,2,805,4:28:00 AM,1,11:45:00,7:17:00,0,805,115,20,4,0.2,,
9102,2,806,6:08:00 AM,1,13:09:00,7:01:00,0,808,113,20,2,0.1,,
9103,2,806,11:49:00 AM,1,18:43:00,6:54:00,0,805,116,21,4,0.19047619,,
9132,2,796,5:25:00 AM,1,9:45:00,4:20:00,0,795,116,19,1,0.052631579,,
9159,2,799,5:15:00 AM,1,11:08:00,5:53:00,0,797,117,12,1,0.083333333,,
9187,2,820,6:40:00 AM,1,15:50:00,9:10:00,0,819,116,10,0,0,,
9187,2,821,6:40:00 AM,1,7:07:00,0:27:00,0,819,117,10,0,0,,
9446,2,824,4:12:00 PM,1,22:49:00,6:37:00,0,822,117,16,5,0.3125,,
9476,2,809,10:18:00 AM,1,15:54:00,5:36:00,0,808,116,19,3,0.157894737,,
9490,2,819,6:40:00 AM,1,12:24:00,5:44:00,0,818,116,22,5,0.227272727,,
9494,2,826,6:31:00 AM,1,13:03:00,6:32:00,0,824,117,17,2,0.117647059,,
9775,2,811,12:45:00 PM,1,18:45:00,6:00:00,0,810,116,21,0,0,,
10205,2,810,1:31:00 AM,1,8:35:00,7:04:00,0,808,117,15,0,0,,
10249,2,800,8:36:00 PM,1,0:42:00,4:06:00,0,799,116,12,0,0,,
10268,2,799,6:09:00 AM,1,16:39:00,10:30:00,0,797,117,21,2,0.095238095,,
10310,2,806,8:13:00 AM,1,15:02:00,6:49:00,0,805,116,17,2,0.117647059,,
10369,2,827,1:30:00 PM,1,18:30:00,5:00:00,0,827,115,20,5,0.25,,
10382,2,820,9:33:00 AM,1,12:03:00,2:30:00,0,818,117,21,3,0.142857143,,
10383,2,828,8:01:00 AM,1,16:44:00,8:43:00,0,824,119,19,5,0.263157895,,
10389,2,827,1:19:00 PM,1,20:05:00,6:46:00,0,824,118,15,2,0.133333333,,
10436,2,825,3:37:00 PM,1,2:00:00,10:23:00,0,825,115,21,3,0.142857143,,
10463,2,817,8:35:00 PM,1,0:52:00,4:17:00,0,815,117,15,2,0.133333333,,
10471,2,829,12:07:00 PM,1,2:50:00,14:43:00,0,827,117,19,1,0.052631579,,
10472,2,812,3:55:00 PM,1,23:45:00,7:50:00,0,810,117,21,3,0.142857143,,
11300,2,828,9:39:00 AM,1,17:49:00,8:10:00,0,826,117,9,0,0,,
11441,2,826,5:30:00 PM,1,23:02:00,5:32:00,0,826,115,13,2,0.153846154,,
11621,2,826,10:15:00 PM,1,7:02:00,8:47:00,0,827,114,19,2,0.105263158,,
11847,2,809,2:22:00 PM,1,15:45:00,1:23:00,0,810,114,17,0,0,,
11996,2,807,3:14:00 AM,1,10:14:00,7:00:00,0,806,116,21,1,0.047619048,,
12199,2,805,3:30:00 AM,1,14:51:00,11:21:00,0,802,118,21,0,0,,
12289,2,802,7:04:00 PM,1,17:54:00,22:50:00,0,801,116,20,1,0.05,,
12403,2,802,3:18:00 AM,1,9:57:00,6:39:00,1,798,119,16,0,0,,
12403,2,803,3:18:00 AM,1,9:57:00,6:39:00,1,798,120,16,0,0,,
12422,2,799,12:19:00 AM,1,14:40:00,14:21:00,0,796,118,18,2,0.111111111,,
12507,2,802,8:45:00 PM,1,1:02:00,4:17:00,0,801,116,13,0,0,,
12513,2,801,9:39:00 PM,1,3:04:00,5:25:00,0,800,116,8,1,0.125,,
12551,2,802,9:33:00 AM,1,11:42:00,2:09:00,0,802,115,13,0,0,,
12594,2,818,8:37:00 AM,1,13:14:00,4:37:00,0,818,115,17,0,0,,
12616,2,824,7:58:00 AM,1,13:00:00,5:02:00,0,823,116,17,0,0,,
12643,2,802,12:10:00 PM,1,12:00:00,23:50:00,0,802,115,19,1,0.052631579,,
12699,2,816,7:52:00 AM,1,17:34:00,9:42:00,0,815,116,21,3,0.142857143,,
12713,2,799,10:25:00 PM,1,4:00:00,5:35:00,0,798,116,18,5,0.277777778,,
12715,2,822,9:14:00 AM,1,14:31:00,5:17:00,0,820,117,18,0,0,,
12735,2,827,1:09:00 AM,1,6:49:00,5:40:00,0,826,116,20,8,0.4,,
12812,2,797,5:48:00 PM,1,22:14:00,4:26:00,0,798,114,15,0,0,,
12823,2,819,8:04:00 PM,1,7:15:00,11:11:00,0,820,114,19,0,0,,
12824,2,809,4:24:00 PM,1,20:29:00,4:05:00,0,810,114,17,0,0,,
12826,2,811,11:09:00 AM,1,21:05:00,9:56:00,0,809,117,17,1,0.058823529,,
12848,2,819,12:27:00 PM,1,20:04:00,7:37:00,0,820,114,19,1,0.052631579,,
12915,2,821,7:49:00 AM,1,10:32:00,2:43:00,0,819,117,13,0,0,,
12931,2,825,10:10:00 AM,1,14:36:00,4:26:00,0,825,115,18,1,0.055555556,,
12957,2,827,8:59:00 AM,1,11:01:00,2:02:00,0,826,116,16,0,0,,
12979,2,828,7:38:00 AM,1,18:47:00,11:09:00,0,826,117,15,1,0.066666667,,
13118,2,823,12:30:00 PM,1,17:11:00,4:41:00,0,824,114,14,4,0.285714286,,
13145,2,825,8:01:00 AM,1,13:03:00,5:02:00,0,824,116,12,0,0,,
13211,2,828,7:39:00 AM,1,13:07:00,5:28:00,0,826,117,19,3,0.157894737,,
13561,2,823,3:33:00 PM,1,3:07:00,11:34:00,0,823,115,15,2,0.133333333,,
13564,2,812,7:03:00 AM,1,14:12:00,7:09:00,0,811,116,17,2,0.117647059,,
13587,2,822,7:59:00 PM,1,1:39:00,5:40:00,0,822,115,19,0,0,,
13709,2,805,11:17:00 AM,1,15:37:00,4:20:00,0,802,118,15,0,0,,
13823,2,805,5:32:00 AM,1,9:31:00,3:59:00,0,802,118,21,1,0.047619048,,
13914,2,821,4:37:00 PM,1,21:26:00,4:49:00,0,819,117,12,1,0.083333333,,
13953,2,806,8:13:00 AM,1,11:48:00,3:35:00,0,805,116,19,1,0.052631579,,
13967,2,797,6:30:00 AM,1,14:49:00,8:19:00,0,798,114,19,2,0.105263158,,
13991,2,817,6:45:00 AM,1,9:31:00,2:46:00,0,817,115,14,0,0,,
14003,2,820,1:49:00 PM,1,6:59:00,17:10:00,0,817,118,16,0,0,,
14007,2,830,11:20:00 AM,1,,12:40:00,0,831,114,15,2,0.133333333,,
14043,2,800,2:34:00 PM,1,19:09:00,4:35:00,0,798,117,18,1,0.055555556,,
14068,2,800,2:00:00 AM,1,5:42:00,3:42:00,0,799,116,15,1,0.066666667,,
14082,2,809,6:06:00 AM,1,9:33:00,3:27:00,0,807,117,17,0,0,,
14101,2,806,3:13:00 PM,1,19:42:00,4:29:00,0,805,116,23,0,0,,
14129,2,815,11:22:00 AM,1,16:51:00,5:29:00,0,812,118,16,3,0.1875,,
14131,2,803,9:18:00 AM,1,13:51:00,4:33:00,0,800,118,17,0,0,,
14145,2,806,10:07:00 PM,1,1:30:00,3:23:00,0,805,116,21,0,0,,
14150,2,805,12:27:00 PM,1,14:52:00,2:25:00,0,806,114,12,0,0,,
14165,2,815,11:21:00 AM,1,16:00:00,4:39:00,0,812,118,20,1,0.05,,
14182,2,801,11:04:00 AM,1,14:51:00,3:47:00,0,798,118,15,0,0,,
14189,2,814,7:46:00 AM,1,12:57:00,5:11:00,0,811,118,16,0,0,,
14208,2,819,8:57:00 PM,1,0:56:00,3:59:00,0,819,115,16,0,0,,
14274,2,816,5:53:00 AM,1,13:53:00,8:00:00,0,812,119,21,3,0.142857143,,
14278,2,828,4:34:00 AM,1,11:25:00,6:51:00,0,826,117,18,0,0,,
14293,2,820,7:00:00 AM,1,11:00:00,4:00:00,0,818,117,12,0,0,,
14304,2,814,4:18:00 AM,1,10:15:00,5:57:00,0,813,116,17,1,0.058823529,,
14306,2,809,3:49:00 PM,1,20:24:00,4:35:00,0,810,114,14,1,0.071428571,,
14568,2,817,6:15:00 AM,1,9:35:00,3:20:00,0,814,118,19,4,0.210526316,,
14983,2,813,12:02:00 PM,1,16:15:00,4:13:00,0,812,116,8,0,0,,
15047,2,812,5:31:00 AM,1,12:49:00,7:18:00,0,808,119,13,2,0.153846154,,
15051,2,818,8:20:00 AM,1,14:34:00,6:14:00,0,818,115,17,2,0.117647059,,
15129,2,817,4:24:00 PM,1,23:48:00,7:24:00,0,817,115,17,2,0.117647059,,
15142,2,818,10:52:00 AM,1,14:38:00,3:46:00,0,817,116,15,0,0,,
15147,2,821,2:40:00 PM,1,18:45:00,4:05:00,0,820,116,#N/A,#N/A,#N/A,,
15152,2,818,10:46:00 AM,1,21:37:00,10:51:00,0,818,115,16,2,0.125,,
15158,2,816,4:17:00 PM,1,19:47:00,3:30:00,0,817,114,19,1,0.052631579,,
15162,2,819,4:35:00 PM,1,20:52:00,4:17:00,0,818,116,16,3,0.1875,,
15164,2,817,3:55:00 AM,1,7:37:00,3:42:00,0,817,115,13,4,0.307692308,,
15180,2,830,6:48:00 AM,1,8:31:00,1:43:00,0,827,118,8,0,0,,
15188,2,810,11:12:00 AM,1,16:39:00,5:27:00,0,809,116,8,0,0,,
15201,2,819,6:35:00 AM,1,10:17:00,3:42:00,0,818,116,17,2,0.117647059,,
15214,2,809,6:00:00 AM,1,9:27:00,3:27:00,0,808,116,20,0,0,,
15249,2,813,5:25:00 AM,1,15:47:00,10:22:00,0,812,116,16,1,0.0625,,
15271,2,827,4:31:00 PM,1,23:44:00,7:13:00,0,827,115,15,1,0.066666667,,
15275,2,827,11:08:00 AM,1,16:30:00,5:22:00,0,824,118,11,1,0.090909091,,
15283,2,808,10:51:00 PM,1,4:19:00,5:28:00,0,808,115,15,0,0,,
15296,2,814,11:05:00 AM,1,12:52:00,1:47:00,0,813,116,13,1,0.076923077,,
4100,2,808,6:39:00 AM,2,18:36:00,11:57:00,0,808,115,20,3,0.15,,
4181,2,828,1:00:00 AM,2,7:40:00,6:40:00,0,826,117,12,1,0.083333333,,
4418,2,821,1:13:00 PM,2,17:40:00,4:27:00,1,818,118,14,0,0,,
4997,2,804,9:55:00 PM,2,2:59:00,5:04:00,0,806,113,14,0,0,,
5290,2,825,10:01:00 AM,2,14:00:00,3:59:00,0,827,113,20,4,0.2,,
5292,2,796,6:47:00 PM,2,21:41:00,2:54:00,0,796,115,18,4,0.222222222,,
5574,2,804,4:41:00 AM,2,19:52:00,15:11:00,0,805,114,19,0,0,,
5587,2,798,11:20:00 AM,2,15:42:00,4:22:00,0,797,116,14,0,0,,
5662,2,827,5:36:00 PM,2,1:00:00,7:24:00,0,826,116,19,5,0.263157895,,
6066,2,811,1:45:00 PM,2,6:34:00,16:49:00,0,808,118,11,1,0.090909091,,
6075,2,806,4:49:00 PM,2,20:26:00,3:37:00,0,805,116,16,1,0.0625,,
6089,2,810,4:29:00 PM,2,21:26:00,4:57:00,0,807,118,17,1,0.058823529,,
6272,2,824,4:37:00 AM,2,13:05:00,8:28:00,0,824,115,16,2,0.125,,
6449,2,821,3:47:00 PM,2,7:12:00,15:25:00,0,818,118,11,0,0,,
7099,2,810,8:36:00 AM,2,11:18:00,2:42:00,0,808,117,12,0,0,,
7136,2,825,7:40:00 PM,2,16:19:00,20:39:00,0,824,116,19,5,0.263157895,,
7306,2,809,9:31:00 AM,2,14:02:00,4:31:00,0,806,118,15,0,0,,
7816,2,801,10:32:00 PM,2,8:47:00,10:15:00,0,820,96,13,1,0.076923077,,
8711,2,812,5:37:00 AM,2,11:14:00,5:37:00,0,810,117,15,3,0.2,,
8743,2,816,10:41:00 PM,2,8:45:00,10:04:00,0,814,117,6,0,0,,
9074,2,800,8:43:00 AM,2,15:50:00,7:07:00,1,796,119,12,0,0,,
10206,2,798,7:39:00 PM,2,2:30:00,6:51:00,0,797,116,17,2,0.117647059,,
10245,2,809,7:19:00 PM,2,22:46:00,3:27:00,0,809,115,15,1,0.066666667,,
10348,2,811,6:36:00 AM,2,9:59:00,3:23:00,0,810,116,11,0,0,,
10365,2,799,11:49:00 AM,2,15:45:00,3:56:00,1,795,119,17,1,0.058823529,,
10408,2,809,11:25:00 AM,2,13:51:00,2:26:00,0,808,116,21,5,0.238095238,,
10408,2,809,1:24:00 AM,2,13:51:00,12:27:00,0,808,116,21,5,0.238095238,,
10428,2,812,12:13:00 PM,2,16:41:00,4:28:00,0,810,117,#N/A,#N/A,#N/A,,
10449,2,819,5:50:00 PM,2,11:42:00,17:52:00,0,819,115,17,1,0.058823529,,
11226,2,824,11:08:00 AM,2,14:22:00,3:14:00,0,824,115,17,2,0.117647059,,
11236,2,820,7:02:00 AM,2,14:50:00,7:48:00,0,819,116,19,4,0.210526316,,
12356,2,802,11:52:00 PM,2,1:50:00,1:58:00,0,800,117,14,0,0,,
12587,2,803,9:13:00 AM,2,15:00:00,5:47:00,0,802,116,18,4,0.222222222,,
12655,2,802,4:19:00 PM,2,19:45:00,3:26:00,0,802,115,16,1,0.0625,,
12747,2,822,1:49:00 AM,2,5:36:00,3:47:00,0,821,116,13,3,0.230769231,,
12782,2,821,7:01:00 AM,2,9:10:00,2:09:00,0,819,117,17,2,0.117647059,,
12821,2,811,11:07:00 AM,2,14:08:00,3:01:00,0,812,114,17,1,0.058823529,,
12923,2,811,9:01:00 AM,2,14:00:00,4:59:00,0,811,115,8,0,0,,
12952,2,805,12:45:00 AM,2,4:24:00,3:39:00,0,802,118,19,0,0,,
12954,2,823,5:12:00 PM,2,2:10:00,8:58:00,0,824,114,14,1,0.071428571,,
13224,2,818,3:52:00 PM,2,21:41:00,5:49:00,0,819,114,22,3,0.136363636,,
13672,2,821,6:42:00 PM,2,22:51:00,4:09:00,0,819,117,21,3,0.142857143,,
14052,2,807,6:02:00 AM,2,11:50:00,5:48:00,0,807,115,25,0,0,,
14106,2,816,3:25:00 PM,2,16:55:00,1:30:00,0,814,117,13,1,0.076923077,,
14136,2,809,6:05:00 AM,2,10:15:00,4:10:00,0,806,118,15,3,0.2,,
14138,2,804,3:53:00 PM,2,18:10:00,2:17:00,0,802,117,11,1,0.090909091,,
14198,2,810,5:29:00 PM,2,20:39:00,3:10:00,0,809,116,18,0,0,,
14236,2,819,5:06:00 AM,2,8:37:00,3:31:00,0,816,118,14,2,0.142857143,,
14262,2,828,2:29:00 PM,2,18:37:00,4:08:00,0,826,117,15,0,0,,
15033,2,816,1:54:00 PM,2,17:28:00,3:34:00,0,814,117,12,0,0,,
15039,2,813,11:15:00 AM,2,17:02:00,5:47:00,0,812,116,14,1,0.071428571,,
15044,2,817,1:33:00 PM,2,19:07:00,5:34:00,0,818,114,12,0,0,,
15058,2,823,7:00:00 PM,2,0:49:00,5:49:00,0,821,117,14,0,0,,
15080,2,810,5:23:00 PM,2,5:11:00,11:48:00,0,810,115,14,4,0.285714286,,
15105,2,819,1:39:00 PM,2,17:03:00,3:24:00,0,818,116,13,0,0,,
15153,2,818,6:59:00 AM,2,10:09:00,3:10:00,0,817,116,19,1,0.052631579,,
15156,2,821,12:14:00 PM,2,14:40:00,2:26:00,0,820,116,15,0,0,,
15160,2,813,8:33:00 AM,2,12:02:00,3:29:00,0,809,119,3,0,0,,
15212,2,809,3:52:00 PM,2,20:37:00,4:45:00,0,808,116,16,2,0.125,,
15269,2,817,3:42:00 PM,2,20:30:00,4:48:00,0,817,115,16,4,0.25,,
15284,2,810,7:15:00 AM,2,12:46:00,5:31:00,0,808,117,15,0,0,,
4010,2,809,3:42:00 PM,3,19:20:00,3:38:00,0,809,115,12,2,0.166666667,,
5773,2,797,2:47:00 PM,3,1:31:00,10:44:00,0,797,115,17,1,0.058823529,,
6668,2,816,1:54:00 PM,3,20:40:00,6:46:00,0,814,117,#N/A,#N/A,#N/A,,
6809,2,807,8:30:00 PM,3,0:38:00,4:08:00,0,805,117,21,5,0.238095238,,
6860,2,821,1:15:00 PM,3,16:00:00,2:45:00,0,819,117,13,2,0.153846154,,
7899,2,797,2:36:00 PM,3,17:41:00,3:05:00,0,796,116,17,0,0,,
8070,2,804,7:00:00 AM,3,15:50:00,8:50:00,0,801,118,20,3,0.15,,
8098,2,809,4:30:00 PM,3,2:16:00,9:46:00,0,808,116,15,1,0.066666667,,
9231,2,811,6:15:00 AM,3,9:10:00,2:55:00,0,808,118,10,1,0.1,,
9580,2,825,4:01:00 PM,3,21:45:00,5:44:00,0,824,116,20,0,0,,
10230,2,817,1:34:00 PM,3,15:45:00,2:11:00,0,818,114,12,0,0,,
12681,2,827,4:21:00 AM,3,11:02:00,6:41:00,0,826,116,14,1,0.071428571,,
12704,2,803,9:46:00 PM,3,7:41:00,9:55:00,0,805,113,15,3,0.2,,
12726,2,812,1:43:00 AM,3,5:31:00,3:48:00,0,808,119,16,2,0.125,,
12742,2,830,8:05:00 AM,3,11:14:00,3:09:00,0,829,116,22,1,0.045454545,,
12773,2,820,2:28:00 PM,3,17:41:00,3:13:00,0,819,116,18,2,0.111111111,,
12775,2,821,9:03:00 AM,3,11:43:00,2:40:00,0,820,116,15,0,0,,
12953,2,808,6:15:00 AM,3,12:57:00,6:42:00,0,806,117,14,0,0,,
13131,2,797,9:56:00 PM,3,3:33:00,5:37:00,0,795,117,19,2,0.105263158,,
13771,2,795,11:46:00 PM,3,4:20:00,4:34:00,0,795,115,15,3,0.2,,
13777,2,809,6:01:00 PM,3,21:42:00,3:41:00,0,810,114,17,0,0,,
13850,2,807,5:40:00 AM,3,9:45:00,4:05:00,0,805,117,15,0,0,,
14049,2,802,6:43:00 AM,3,11:32:00,4:49:00,0,800,117,18,2,0.111111111,,
14195,2,819,2:28:00 PM,3,6:10:00,15:42:00,0,820,114,19,1,0.052631579,,
14263,2,814,4:41:00 AM,3,6:51:00,2:10:00,0,811,118,17,0,0,,
15028,2,818,11:20:00 AM,3,15:06:00,3:46:00,0,819,114,14,0,0,,
15088,2,816,1:05:00 PM,3,18:37:00,5:32:00,0,817,114,15,1,0.066666667,,
15232,2,828,6:14:00 AM,3,15:28:00,9:14:00,0,827,116,18,1,0.055555556,,
15238,2,829,5:46:00 AM,3,14:50:00,9:04:00,0,827,117,17,0,0,,
4291,2,804,1:31:00 PM,4,7:03:00,17:32:00,1,800,119,8,2,0.25,,
8054,2,812,8:57:00 PM,4,5:05:00,8:08:00,0,810,117,16,1,0.0625,,
8144,2,796,3:28:00 PM,4,1:57:00,10:29:00,0,796,115,18,3,0.166666667,,
9202,2,811,11:22:00 PM,4,5:40:00,6:18:00,0,809,117,22,2,0.090909091,,
9454,2,814,5:30:00 AM,4,9:01:00,3:31:00,0,811,118,20,3,0.15,,
10438,2,821,1:15:00 PM,4,16:37:00,3:22:00,0,819,117,17,1,0.058823529,,
10461,2,827,1:58:00 AM,4,20:15:00,18:17:00,0,824,118,17,1,0.058823529,,
12816,2,822,11:45:00 PM,4,6:41:00,6:56:00,0,823,114,18,4,0.222222222,,
12875,2,824,4:38:00 AM,4,11:05:00,6:27:00,0,825,114,22,3,0.136363636,,
13146,2,822,7:53:00 PM,4,0:49:00,4:56:00,0,820,117,17,1,0.058823529,,
13897,2,806,4:46:00 AM,4,9:55:00,5:09:00,1,802,119,16,0,0,,
14056,2,796,6:31:00 PM,4,1:02:00,6:31:00,0,794,117,16,1,0.0625,,
15024,2,818,1:15:00 PM,4,19:50:00,6:35:00,0,814,119,10,1,0.1,,
15064,2,819,12:27:00 PM,4,15:58:00,3:31:00,0,820,114,17,0,0,,
15113,2,829,1:51:00 AM,4,4:28:00,2:37:00,0,828,116,13,0,0,,
15134,2,808,11:47:00 PM,4,4:16:00,4:29:00,0,808,115,17,0,0,,
6461,2,797,3:24:00 AM,5,9:05:00,5:41:00,1,793,119,15,1,0.066666667,,
15060,2,811,6:20:00 AM,6,11:35:00,5:15:00,0,810,116,11,0,0,,
15068,2,811,6:03:00 PM,6,23:27:00,5:24:00,0,811,115,11,0,0,,
15168,2,809,3:00:00 PM,6,18:05:00,3:05:00,0,809,115,12,0,0,,
12437,2,823,6:38:00 AM,7,15:30:00,8:52:00,0,821,117,17,1,0.058823529,,
13599,2,801,9:38:00 PM,7,3:03:00,5:25:00,0,799,117,11,0,0,,
14153,2,828,10:31:00 PM,7,0:56:00,2:25:00,0,826,117,#N/A,#N/A,#N/A,,
15115,2,829,10:27:00 PM,7,0:49:00,2:22:00,0,828,116,15,0,0,,
15293,2,812,1:43:00 AM,7,2:54:00,1:11:00,0,809,118,11,2,0.181818182,,
9231,2,812,6:35:00 AM,8,9:10:00,2:35:00,0,808,119,10,1,0.1,,
12555,2,804,6:20:00 AM,9,12:05:00,5:45:00,0,802,117,17,0,0,,
14215,2,823,9:19:00 PM,14,22:16:00,0:57:00,0,824,114,16,0,0,,
7183,2,808,8:25:00 PM,17,20:25:00,0:00:00,0,809,114,17,0,0,,
3809,2,801,5:01:00 PM,1,20:30:00,3:29:00,0,798,118,17,2,0.117647059,,
3906,2,819,6:05:00 AM,1,12:26:00,6:21:00,0,820,114,14,0,0,,
3929,2,797,9:38:00 AM,1,17:04:00,7:26:00,0,796,116,18,2,0.111111111,,
4120,2,828,1:07:00 PM,1,19:00:00,5:53:00,0,826,117,13,5,0.384615385,,
4213,2,798,12:30:00 PM,1,19:06:00,6:36:00,0,796,117,12,0,0,,
4235,2,807,3:46:00 PM,1,22:35:00,6:49:00,0,805,117,19,2,0.105263158,,
4324,2,822,3:24:00 PM,1,21:40:00,6:16:00,0,823,114,12,1,0.083333333,,
4363,2,805,3:48:00 PM,1,18:53:00,3:05:00,0,805,115,12,2,0.166666667,,
4518,2,826,10:04:00 PM,1,3:00:00,4:56:00,0,826,115,13,1,0.076923077,,
4662,2,805,7:22:00 AM,1,18:43:00,11:21:00,0,805,115,19,4,0.210526316,,
4888,2,798,11:27:00 AM,1,16:09:00,4:42:00,0,796,117,16,0,0,,
4894,2,799,7:40:00 AM,1,23:55:00,16:15:00,0,798,116,15,0,0,,
5011,2,810,8:38:00 AM,1,15:00:00,6:22:00,0,808,117,17,0,0,,
5249,2,800,6:07:00 PM,1,5:58:00,11:51:00,0,797,118,17,0,0,,
5252,2,827,3:00:00 PM,1,17:38:00,2:38:00,0,826,116,17,1,0.058823529,,
5423,2,823,4:00:00 AM,1,10:21:00,6:21:00,0,822,116,13,0,0,,
5428,2,795,2:36:00 PM,1,0:12:00,9:36:00,0,795,115,9,1,0.111111111,,
5532,2,799,2:15:00 AM,1,8:10:00,5:55:00,0,797,117,18,4,0.222222222,,
5558,2,800,3:09:00 PM,1,19:00:00,3:51:00,0,798,117,3,0,0,,
5652,2,799,1:05:00 PM,1,16:41:00,3:36:00,0,798,116,11,1,0.090909091,,
5702,2,798,4:47:00 AM,1,8:01:00,3:14:00,1,794,119,13,0,0,,
5709,2,820,6:59:00 PM,1,0:41:00,5:42:00,0,819,116,11,1,0.090909091,,
5716,2,807,2:16:00 PM,1,20:24:00,6:08:00,0,805,117,12,1,0.083333333,,
5854,2,827,2:21:00 PM,1,16:30:00,2:09:00,0,826,116,16,0,0,,
5867,2,828,2:01:00 AM,1,5:42:00,3:41:00,0,826,117,14,0,0,,
5876,2,810,6:24:00 PM,1,1:15:00,6:51:00,0,809,116,20,2,0.1,,
5876,2,810,6:24:00 PM,1,2:58:00,8:34:00,0,809,116,20,2,0.1,,
5909,2,820,7:40:00 AM,1,23:08:00,15:28:00,0,819,116,17,4,0.235294118,,
5933,2,796,11:05:00 AM,1,16:48:00,5:43:00,0,794,117,13,0,0,,
5954,2,805,11:16:00 AM,1,14:55:00,3:39:00,0,805,115,20,4,0.2,,
5966,2,807,8:40:00 AM,1,13:00:00,4:20:00,0,806,116,20,2,0.1,,
5975,2,819,9:59:00 PM,1,3:11:00,5:12:00,0,819,115,18,2,0.111111111,,
5994,2,801,4:25:00 AM,1,6:40:00,2:15:00,0,798,118,8,0,0,,
6064,2,807,8:43:00 AM,1,13:11:00,4:28:00,0,805,117,20,3,0.15,,
6169,2,816,5:46:00 AM,1,7:53:00,2:07:00,0,815,116,9,0,0,,
6178,2,823,11:49:00 PM,1,3:00:00,3:11:00,0,822,116,11,0,0,,
6236,2,828,2:29:00 AM,1,6:36:00,4:07:00,0,826,117,14,2,0.142857143,,
6277,2,826,12:51:00 AM,1,5:39:00,4:48:00,0,825,116,18,2,0.111111111,,
6716,2,796,1:33:00 PM,1,0:10:00,10:37:00,0,796,115,7,0,0,,
6758,2,805,2:08:00 PM,1,15:47:00,1:39:00,0,804,116,5,3,0.6,,
6958,2,799,9:14:00 AM,1,12:34:00,3:20:00,0,798,116,15,0,0,,
6998,2,823,3:32:00 PM,1,0:55:00,9:23:00,0,822,116,18,0,0,,
7052,2,806,7:06:00 AM,1,13:24:00,6:18:00,0,806,115,17,1,0.058823529,,
7076,2,826,3:42:00 PM,1,22:05:00,6:23:00,0,826,115,15,0,0,,
7102,2,806,8:28:00 PM,1,0:49:00,4:21:00,0,805,116,19,2,0.105263158,,
7102,2,806,8:28:00 PM,1,0:49:00,4:21:00,0,805,116,19,2,0.105263158,,
7150,2,824,3:57:00 PM,1,20:35:00,4:38:00,0,823,116,15,0,0,,
7162,2,822,6:30:00 PM,1,3:57:00,9:27:00,0,818,119,15,0,0,,
7185,2,829,2:51:00 PM,1,5:07:00,14:16:00,1,826,118,15,0,0,,
7186,2,826,10:48:00 AM,1,16:40:00,5:52:00,0,826,115,16,2,0.125,,
7237,2,823,6:36:00 AM,1,10:20:00,3:44:00,0,822,116,17,2,0.117647059,,
7251,2,818,12:39:00 PM,1,14:05:00,1:26:00,0,815,118,8,0,0,,
7355,2,798,7:30:00 PM,1,2:21:00,6:51:00,0,798,115,13,3,0.230769231,,
7389,2,809,3:23:00 PM,1,18:49:00,3:26:00,0,808,116,9,0,0,,
7737,2,799,4:18:00 AM,1,16:07:00,11:49:00,0,796,118,16,2,0.125,,
7785,2,828,7:37:00 AM,1,14:20:00,6:43:00,0,826,117,15,2,0.133333333,,
7816,2,823,2:34:00 PM,1,22:08:00,7:34:00,0,820,118,13,1,0.076923077,,
7892,2,800,11:03:00 PM,1,6:40:00,7:37:00,0,798,117,17,3,0.176470588,,
7969,2,818,8:30:00 AM,1,15:50:00,7:20:00,0,798,135,16,1,0.0625,,
7969,2,818,8:30:00 AM,1,15:50:00,7:20:00,0,818,115,16,1,0.0625,,
7999,2,799,1:32:00 AM,1,9:45:00,8:13:00,0,796,118,16,0,0,,
8015,2,797,10:04:00 PM,1,3:35:00,5:31:00,1,794,118,9,1,0.111111111,,
8059,2,825,5:52:00 AM,1,13:01:00,7:09:00,0,824,116,23,6,0.260869565,,
8087,2,821,12:12:00 PM,1,16:42:00,4:30:00,0,820,116,16,3,0.1875,,
8340,2,817,10:35:00 AM,1,13:39:00,3:04:00,1,813,119,17,3,0.176470588,,
8384,2,801,12:46:00 PM,1,19:20:00,6:34:00,0,798,118,16,2,0.125,,
8463,2,824,3:56:00 PM,1,21:40:00,5:44:00,0,822,117,16,1,0.0625,,
8597,2,824,12:43:00 AM,1,5:45:00,5:02:00,0,822,117,14,2,0.142857143,,
8602,2,797,11:18:00 AM,1,19:01:00,7:43:00,0,795,117,19,1,0.052631579,,
8616,2,797,3:13:00 AM,1,8:47:00,5:34:00,0,797,115,12,1,0.083333333,,
8836,2,811,2:13:00 PM,1,17:15:00,3:02:00,0,808,118,17,3,0.176470588,,
8868,2,806,9:50:00 AM,1,15:07:00,5:17:00,0,805,116,14,1,0.071428571,,
8888,2,798,12:48:00 PM,1,20:03:00,7:15:00,0,798,115,17,3,0.176470588,,
9089,2,816,5:27:00 PM,1,3:44:00,10:17:00,1,813,118,14,6,0.428571429,,
9151,2,799,5:33:00 PM,1,20:17:00,2:44:00,0,797,117,13,1,0.076923077,,
9357,2,826,10:06:00 PM,1,3:05:00,4:59:00,0,826,115,21,2,0.095238095,,
9419,2,814,11:03:00 AM,1,14:52:00,3:49:00,0,813,116,11,0,0,,
9425,2,818,9:32:00 AM,1,15:11:00,5:39:00,0,818,115,22,2,0.090909091,,
9535,2,825,9:35:00 PM,1,6:42:00,9:07:00,0,822,118,24,4,0.166666667,,
9546,2,820,4:07:00 PM,1,3:14:00,11:07:00,0,819,116,19,1,0.052631579,,
9553,2,820,3:11:00 AM,1,10:11:00,7:00:00,0,819,116,16,0,0,,
9573,2,820,11:08:00 AM,1,20:36:00,9:28:00,0,819,116,20,1,0.05,,
9938,2,796,1:51:00 PM,1,20:41:00,6:50:00,0,794,117,17,2,0.117647059,,
9951,2,796,8:11:00 PM,1,0:12:00,4:01:00,0,795,116,13,0,0,,
10006,2,824,9:00:00 AM,1,18:05:00,9:05:00,0,822,117,19,2,0.105263158,,
10022,2,796,12:48:00 PM,1,15:26:00,2:38:00,0,796,115,15,3,0.2,,
10123,2,801,3:12:00 AM,1,20:31:00,17:19:00,0,798,118,21,2,0.095238095,,
10135,2,819,8:56:00 PM,1,7:01:00,10:05:00,0,819,115,20,1,0.05,,
10186,2,798,6:40:00 AM,1,12:23:00,5:43:00,0,795,118,20,0,0,,
10269,2,811,6:50:00 AM,1,2:42:00,19:52:00,0,809,117,17,5,0.294117647,,
10299,2,807,4:30:00 AM,1,15:01:00,10:31:00,0,805,117,22,1,0.045454545,,
10306,2,821,4:06:00 AM,1,6:55:00,2:49:00,0,819,117,18,0,0,,
10338,2,819,5:19:00 AM,1,11:16:00,5:57:00,0,819,115,20,4,0.2,,
10351,2,809,11:37:00 AM,1,22:40:00,11:03:00,0,808,116,18,5,0.277777778,,
10385,2,822,7:22:00 AM,1,17:30:00,10:08:00,1,819,118,11,0,0,,
10417,2,823,12:32:00 PM,1,19:06:00,6:34:00,0,822,116,18,1,0.055555556,,
10423,2,823,6:39:00 AM,1,12:59:00,6:20:00,0,822,116,22,6,0.272727273,,
10435,2,823,11:49:00 PM,1,5:05:00,5:16:00,0,822,116,17,1,0.058823529,,
10439,2,820,10:10:00 AM,1,16:02:00,5:52:00,0,819,116,17,0,0,,
11344,2,821,10:30:00 AM,1,13:58:00,3:28:00,0,822,114,14,1,0.071428571,,
11949,2,811,10:02:00 AM,1,14:03:00,4:01:00,0,809,117,17,1,0.058823529,,
12108,2,803,3:04:00 PM,1,21:50:00,6:46:00,0,804,114,13,1,0.076923077,,
12109,2,802,11:27:00 AM,1,17:17:00,5:50:00,0,801,116,19,0,0,,
12189,2,804,3:07:00 PM,1,20:41:00,5:34:00,0,801,118,15,0,0,,
12197,2,813,5:03:00 AM,1,12:06:00,7:03:00,0,813,115,17,1,0.058823529,,
12596,2,803,11:32:00 AM,1,21:44:00,10:12:00,0,801,117,17,0,0,,
12637,2,814,6:56:00 AM,1,12:45:00,5:49:00,0,812,117,#N/A,#N/A,#N/A,,
12641,2,810,10:03:00 AM,1,21:31:00,11:28:00,0,809,116,17,0,0,,
12652,2,809,11:47:00 PM,1,2:27:00,2:40:00,0,809,115,18,1,0.055555556,,
12663,2,823,9:25:00 AM,1,13:37:00,4:12:00,0,823,115,18,0,0,,
12692,2,815,8:25:00 AM,1,0:10:00,15:45:00,0,812,118,16,1,0.0625,,
12705,2,805,8:56:00 PM,1,1:28:00,4:32:00,0,805,115,19,2,0.105263158,,
12709,2,802,3:40:00 PM,1,22:37:00,6:57:00,0,801,116,15,0,0,,
12718,2,822,1:39:00 PM,1,20:50:00,7:11:00,0,822,115,22,1,0.045454545,,
12720,2,799,4:44:00 PM,1,20:46:00,4:02:00,0,798,116,16,1,0.0625,,
12745,2,802,10:26:00 AM,1,14:11:00,3:45:00,0,802,115,18,0,0,,
12748,2,797,5:07:00 PM,1,23:22:00,6:15:00,0,797,115,13,0,0,,
12781,2,817,3:00:00 PM,1,3:54:00,12:54:00,0,819,113,21,3,0.142857143,,
12783,2,814,4:45:00 AM,1,15:43:00,10:58:00,0,812,117,23,4,0.173913043,,
12800,2,809,10:19:00 AM,1,13:49:00,3:30:00,0,808,116,8,0,0,,
12815,2,820,5:30:00 PM,1,0:45:00,7:15:00,0,819,116,18,0,0,,
12836,2,814,9:41:00 PM,1,3:28:00,5:47:00,0,813,116,16,1,0.0625,,
12874,2,826,5:37:00 AM,1,16:30:00,10:53:00,0,824,117,13,1,0.076923077,,
12891,2,819,3:49:00 PM,1,22:25:00,6:36:00,0,818,116,14,0,0,,
12912,2,827,6:30:00 PM,1,1:00:00,6:30:00,0,827,115,17,0,0,,
13020,2,830,6:09:00 AM,1,,17:51:00,0,827,118,7,0,0,,
13446,2,805,12:47:00 AM,1,5:30:00,4:43:00,0,801,119,13,0,0,,
13565,2,814,3:42:00 PM,1,22:35:00,6:53:00,0,812,117,18,1,0.055555556,,
13619,2,804,7:06:00 AM,1,15:09:00,8:03:00,0,801,118,19,2,0.105263158,,
13633,2,808,2:35:00 AM,1,8:37:00,6:02:00,1,804,119,15,0,0,,
13667,2,811,2:07:00 PM,1,19:00:00,4:53:00,0,812,114,16,2,0.125,,
13732,2,812,1:59:00 AM,1,7:11:00,5:12:00,0,792,135,#N/A,#N/A,#N/A,,
13732,2,812,1:59:00 AM,1,7:11:00,5:12:00,0,813,114,#N/A,#N/A,#N/A,,
13750,2,803,9:14:00 AM,1,12:06:00,2:52:00,0,801,117,19,3,0.157894737,,
13851,2,817,3:44:00 PM,1,22:33:00,6:49:00,0,815,117,15,0,0,,
13866,2,814,12:46:00 PM,1,17:07:00,4:21:00,0,812,117,18,0,0,,
13983,2,813,5:44:00 AM,1,12:15:00,6:31:00,0,812,116,13,0,0,,
13988,2,799,1:23:00 PM,1,18:17:00,4:54:00,0,797,117,13,0,0,,
13989,2,815,3:20:00 PM,1,17:46:00,2:26:00,0,813,117,19,5,0.263157895,,
14005,2,827,2:20:00 PM,1,19:13:00,4:53:00,0,826,116,14,0,0,,
14032,2,818,8:20:00 AM,1,12:31:00,4:11:00,0,815,118,15,1,0.066666667,,
14070,2,809,5:16:00 PM,1,21:31:00,4:15:00,0,808,116,17,0,0,,
14080,2,814,6:04:00 AM,1,11:02:00,4:58:00,0,813,116,14,0,0,,
14107,2,824,12:08:00 PM,1,15:54:00,3:46:00,0,824,115,16,2,0.125,,
14121,2,810,2:54:00 AM,1,6:39:00,3:45:00,0,808,117,12,0,0,,
14149,2,816,7:53:00 AM,1,13:02:00,5:09:00,0,815,116,20,3,0.15,,
14161,2,812,1:32:00 PM,1,17:53:00,4:21:00,1,809,118,17,1,0.058823529,,
14164,2,809,5:52:00 AM,1,10:14:00,4:22:00,0,809,115,19,0,0,,
14172,2,809,11:15:00 PM,1,3:38:00,4:23:00,0,809,115,15,3,0.2,,
14197,2,818,9:32:00 AM,1,13:13:00,3:41:00,0,815,118,16,2,0.125,,
14218,2,810,3:52:00 PM,1,4:33:00,12:41:00,0,808,117,17,4,0.235294118,,
14230,2,818,9:45:00 AM,1,13:14:00,3:29:00,0,815,118,12,0,0,,
14237,2,826,8:01:00 AM,1,12:50:00,4:49:00,0,826,115,18,3,0.166666667,,
14285,2,825,11:15:00 AM,1,14:30:00,3:15:00,0,822,118,#N/A,#N/A,#N/A,,
14716,2,797,6:30:00 AM,1,15:41:00,9:11:00,0,797,115,13,2,0.153846154,,
14816,2,799,6:15:00 PM,1,20:20:00,2:05:00,0,797,117,5,0,0,,
15038,2,811,11:18:00 PM,1,5:59:00,6:41:00,0,810,116,11,0,0,,
15040,2,809,10:14:00 AM,1,15:46:00,5:32:00,0,810,114,12,1,0.083333333,,
15059,2,811,1:51:00 PM,1,7:31:00,17:40:00,0,810,116,15,6,0.4,,
15063,2,829,8:25:00 AM,1,13:10:00,4:45:00,0,829,115,11,1,0.090909091,,
15070,2,818,10:49:00 AM,1,14:37:00,3:48:00,0,817,116,17,2,0.117647059,,
15071,2,827,3:05:00 PM,1,18:30:00,3:25:00,0,829,113,11,0,0,,
15077,2,809,5:53:00 AM,1,11:40:00,5:47:00,0,808,116,13,0,0,,
15083,2,817,6:13:00 PM,1,22:54:00,4:41:00,0,817,115,11,0,0,,
15101,2,827,7:07:00 AM,1,10:15:00,3:08:00,0,829,113,13,1,0.076923077,,
15109,2,809,7:09:00 PM,1,21:49:00,2:40:00,0,810,114,12,0,0,,
15127,2,819,3:09:00 PM,1,22:07:00,6:58:00,0,820,114,14,0,0,,
15133,2,816,7:08:00 AM,1,13:01:00,5:53:00,0,815,116,15,0,0,,
15137,2,812,9:25:00 AM,1,16:56:00,7:31:00,0,809,118,13,1,0.076923077,,
15140,2,809,9:28:00 AM,1,11:29:00,2:01:00,0,808,116,16,0,0,,
15143,2,825,11:44:00 PM,1,3:03:00,3:19:00,0,824,116,10,1,0.1,,
15144,2,813,7:00:00 AM,1,23:40:00,16:40:00,0,810,118,13,0,0,,
15184,2,811,8:40:00 AM,1,11:22:00,2:42:00,0,810,116,16,0,0,,
15185,2,816,6:50:00 AM,1,13:04:00,6:14:00,0,817,114,19,1,0.052631579,,
15190,2,826,2:16:00 PM,1,22:18:00,8:02:00,0,824,117,15,1,0.066666667,,
15199,2,811,1:07:00 PM,1,18:48:00,5:41:00,0,810,116,14,2,0.142857143,,
15219,2,817,10:42:00 AM,1,16:25:00,5:43:00,0,815,117,11,0,0,,
15225,2,825,1:02:00 PM,1,15:36:00,2:34:00,0,824,116,11,0,0,,
15237,2,820,6:30:00 PM,1,3:16:00,8:46:00,0,820,115,11,0,0,,
15286,2,805,5:55:00 AM,1,8:59:00,3:04:00,0,804,116,9,0,0,,
15400,2,825,1:40:00 PM,1,18:00:00,4:20:00,0,824,116,18,0,0,,
4154,2,810,4:34:00 PM,2,20:34:00,4:00:00,0,808,117,15,2,0.133333333,,
4230,2,820,9:08:00 AM,2,12:09:00,3:01:00,0,819,116,13,2,0.153846154,,
4887,2,819,2:00:00 PM,2,18:21:00,4:21:00,0,819,115,15,1,0.066666667,,
5228,2,814,4:20:00 AM,2,14:50:00,10:30:00,0,812,117,13,1,0.076923077,,
5378,2,821,10:55:00 PM,2,8:07:00,9:12:00,0,820,116,18,0,0,,
5852,2,806,9:22:00 AM,2,14:56:00,5:34:00,0,804,117,25,2,0.08,,
5990,2,815,9:32:00 PM,2,3:29:00,5:57:00,0,813,117,13,2,0.153846154,,
6256,2,821,10:35:00 AM,2,16:06:00,5:31:00,0,820,116,18,2,0.111111111,,
6378,2,822,9:10:00 AM,2,18:00:00,8:50:00,1,819,118,16,3,0.1875,,
6413,2,799,11:03:00 PM,2,5:00:00,5:57:00,0,798,116,14,4,0.285714286,,
7316,2,810,6:40:00 AM,2,12:53:00,6:13:00,0,808,117,12,2,0.166666667,,
7649,2,814,5:18:00 AM,2,21:45:00,16:27:00,0,811,118,16,0,0,,
7784,2,823,11:13:00 PM,2,5:54:00,6:41:00,0,822,116,18,0,0,,
7864,2,806,4:10:00 PM,2,20:28:00,4:18:00,0,805,116,14,0,0,,
7916,2,796,5:37:00 AM,2,7:43:00,2:06:00,0,795,116,14,0,0,,
7944,2,795,12:14:00 PM,2,16:57:00,4:43:00,0,794,116,16,0,0,,
8132,2,824,5:45:00 AM,2,15:30:00,9:45:00,0,822,117,9,0,0,,
8139,2,820,12:08:00 PM,2,15:22:00,3:14:00,0,819,116,15,2,0.133333333,,
8433,2,795,4:05:00 PM,2,19:49:00,3:44:00,0,794,116,16,1,0.0625,,
8783,2,811,6:05:00 PM,2,21:26:00,3:21:00,0,809,117,9,0,0,,
8817,2,808,2:34:00 PM,2,18:01:00,3:27:00,0,806,117,13,0,0,,
8902,2,809,6:22:00 PM,2,22:42:00,4:20:00,0,809,115,20,3,0.15,,
9087,2,795,7:49:00 PM,2,2:48:00,6:59:00,0,794,116,15,4,0.266666667,,
9351,2,808,3:30:00 AM,2,13:02:00,9:32:00,0,805,118,23,7,0.304347826,,
9380,2,807,4:31:00 PM,2,19:45:00,3:14:00,0,805,117,17,5,0.294117647,,
9492,2,824,4:30:00 AM,2,7:57:00,3:27:00,0,822,117,11,1,0.090909091,,
9511,2,828,11:45:00 PM,2,23:48:00,0:03:00,0,828,115,8,0,0,,
9685,2,822,9:05:00 AM,2,12:18:00,3:13:00,0,822,115,18,0,0,,
10359,2,797,4:03:00 PM,2,22:01:00,5:58:00,0,794,118,20,0,0,,
12502,2,812,5:53:00 PM,2,22:30:00,4:37:00,0,811,116,18,0,0,,
12623,2,815,7:57:00 PM,2,3:39:00,7:42:00,0,812,118,#N/A,#N/A,#N/A,,
12755,2,821,7:20:00 AM,2,10:38:00,3:18:00,0,822,114,21,0,0,,
12804,2,797,5:47:00 AM,2,12:35:00,6:48:00,0,796,116,10,0,0,,
12859,2,812,4:46:00 PM,2,21:18:00,4:32:00,0,812,115,17,3,0.176470588,,
12865,2,828,4:48:00 AM,2,13:09:00,8:21:00,0,827,116,20,0,0,,
12930,2,825,8:01:00 AM,2,19:04:00,11:03:00,0,824,116,20,4,0.2,,
13012,2,823,12:17:00 PM,2,22:14:00,9:57:00,0,826,112,14,2,0.142857143,,
13028,2,825,7:08:00 PM,2,22:43:00,3:35:00,0,824,116,8,2,0.25,,
13811,2,810,10:57:00 PM,2,3:06:00,4:09:00,0,809,116,15,0,0,,
13962,2,803,3:17:00 PM,2,18:57:00,3:40:00,0,801,117,17,5,0.294117647,,
14075,2,815,6:05:00 AM,2,8:27:00,2:22:00,0,812,118,15,1,0.066666667,,
14119,2,811,11:21:00 AM,2,19:20:00,7:59:00,0,809,117,13,1,0.076923077,,
14233,2,816,3:33:00 PM,2,18:32:00,2:59:00,0,815,116,17,0,0,,
14307,2,826,4:50:00 PM,2,22:13:00,5:23:00,0,824,117,16,1,0.0625,,
15021,2,817,2:56:00 AM,2,6:21:00,3:25:00,0,817,115,14,1,0.071428571,,
15037,2,824,1:06:00 AM,2,5:10:00,4:04:00,0,824,115,15,0,0,,
15135,2,825,2:47:00 PM,2,18:10:00,3:23:00,0,827,113,14,3,0.214285714,,
15139,2,816,10:51:00 PM,2,3:58:00,5:07:00,0,815,116,18,1,0.055555556,,
15166,2,814,4:20:00 AM,2,10:56:00,6:36:00,0,811,118,#N/A,#N/A,#N/A,,
15202,2,805,11:03:00 PM,2,0:11:00,1:08:00,0,804,116,3,0,0,,
15223,2,825,10:12:00 AM,2,14:00:00,3:48:00,0,824,116,14,1,0.071428571,,
15252,2,810,11:08:00 AM,2,15:08:00,4:00:00,0,810,115,14,1,0.071428571,,
15288,2,813,7:01:00 AM,2,15:15:00,8:14:00,0,810,118,11,2,0.181818182,,
15298,2,817,7:41:00 AM,2,11:29:00,3:48:00,0,815,117,15,1,0.066666667,,
4874,2,806,11:52:00 PM,3,3:17:00,3:25:00,0,806,115,16,0,0,,
5570,2,810,8:03:00 PM,3,22:03:00,2:00:00,0,808,117,17,4,0.235294118,,
6096,2,799,10:57:00 PM,3,4:42:00,5:45:00,0,797,117,19,3,0.157894737,,
6594,2,820,12:11:00 PM,3,16:49:00,4:38:00,0,820,115,12,1,0.083333333,,
7779,2,797,5:05:00 PM,3,22:04:00,4:59:00,0,794,118,18,2,0.111111111,,
8294,2,796,7:19:00 AM,3,11:51:00,4:32:00,0,795,116,22,3,0.136363636,,
10363,2,800,11:58:00 PM,3,5:05:00,5:07:00,0,798,117,17,1,0.058823529,,
11123,2,825,12:51:00 AM,3,5:52:00,5:01:00,0,824,116,11,0,0,,
12832,2,821,6:40:00 AM,3,9:02:00,2:22:00,0,819,117,7,0,0,,
12905,2,811,6:03:00 PM,3,21:26:00,3:23:00,0,809,117,#N/A,#N/A,#N/A,,
13577,2,814,4:21:00 AM,3,6:41:00,2:20:00,0,812,117,11,1,0.090909091,,
14252,2,813,6:40:00 AM,3,9:39:00,2:59:00,0,812,116,13,3,0.230769231,,
14700,2,798,11:24:00 AM,3,14:55:00,3:31:00,0,797,116,15,0,0,,
15015,2,815,5:30:00 PM,3,20:41:00,3:11:00,0,817,113,12,0,0,,
15016,2,810,4:36:00 PM,3,23:00:00,6:24:00,0,810,115,14,5,0.357142857,,
15020,2,819,2:00:00 PM,3,16:34:00,2:34:00,0,817,117,16,1,0.0625,,
15128,2,812,5:57:00 PM,3,21:02:00,3:05:00,0,808,119,7,0,0,,
15174,2,811,7:50:00 PM,3,1:50:00,6:00:00,0,809,117,11,0,0,,
15235,2,805,6:51:00 PM,3,0:14:00,5:23:00,0,804,116,17,8,0.470588235,,
15260,2,820,4:03:00 PM,3,20:15:00,4:12:00,0,817,118,13,1,0.076923077,,
15274,2,804,1:19:00 PM,3,6:48:00,17:29:00,0,804,115,14,1,0.071428571,,
15287,2,818,11:52:00 AM,3,15:56:00,4:04:00,0,817,116,16,3,0.1875,,
5253,2,811,10:05:00 PM,4,3:33:00,5:28:00,0,809,117,18,2,0.111111111,,
6087,2,814,2:50:00 PM,4,18:15:00,3:25:00,0,813,116,15,4,0.266666667,,
7959,2,812,7:01:00 AM,4,12:46:00,5:45:00,0,808,119,12,1,0.083333333,,
8886,2,823,6:48:00 AM,4,17:30:00,10:42:00,0,822,116,#N/A,#N/A,#N/A,,
10242,2,830,8:33:00 AM,4,12:05:00,3:32:00,1,826,119,13,1,0.076923077,,
10498,2,819,8:02:00 PM,4,23:55:00,3:53:00,0,819,115,#N/A,#N/A,#N/A,,
12129,2,802,1:00:00 PM,4,19:05:00,6:05:00,0,801,116,19,1,0.052631579,,
13689,2,803,8:12:00 AM,4,12:50:00,4:38:00,0,801,117,18,1,0.055555556,,
13817,2,811,2:12:00 PM,4,18:05:00,3:53:00,1,808,118,14,0,0,,
13831,2,798,11:53:00 PM,4,2:06:00,2:13:00,0,797,116,13,0,0,,
14008,2,803,5:41:00 PM,4,1:07:00,7:26:00,0,801,117,19,0,0,,
15183,2,810,9:46:00 PM,4,1:57:00,4:11:00,0,810,115,18,4,0.222222222,,
15228,2,812,4:41:00 PM,4,19:33:00,2:52:00,0,809,118,7,0,0,,
6069,2,806,10:44:00 PM,5,1:35:00,2:51:00,0,805,116,14,1,0.071428571,,
8008,2,795,5:11:00 AM,5,13:18:00,8:07:00,0,794,116,15,1,0.066666667,,
12728,2,825,2:45:00 AM,5,4:55:00,2:10:00,0,824,116,18,2,0.111111111,,
4717,2,826,10:05:00 PM,6,1:05:00,3:00:00,0,826,115,18,0,0,,
6253,2,815,8:00:00 PM,6,21:42:00,1:42:00,0,815,115,21,3,0.142857143,,
15270,2,818,9:36:00 PM,6,1:38:00,4:02:00,0,817,116,15,1,0.066666667,,
6550,2,797,3:05:00 AM,7,11:50:00,8:45:00,0,795,117,16,5,0.3125,,
9403,2,808,9:26:00 PM,7,3:08:00,5:42:00,0,806,117,16,0,0,,
14104,2,815,7:57:00 PM,8,22:54:00,2:57:00,1,812,118,13,2,0.153846154,,
15096,2,809,7:10:00 PM,9,23:08:00,3:58:00,0,810,114,18,5,0.277777778,,
15163,2,819,12:16:00 AM,9,3:44:00,3:28:00,0,820,114,17,0,0,,
15182,2,830,1:36:00 PM,9,,10:24:00,0,829,116,17,1,0.058823529,,
14040,2,823,6:46:00 AM,10,8:07:00,1:21:00,0,822,116,16,0,0,,
15043,2,811,11:10:00 AM,14,14:12:00,3:02:00,0,810,116,13,2,0.153846154,,
7933,2,795,5:10:00 AM,16,0:44:00,19:34:00,0,794,116,16,4,0.25,,
